time_dn,glideslope_error_deg,localizer_error_deg,airspeed_error_kts,total_error
738193.796648108,-0.1308,-0.0082,-0.4078,0.5468
738193.796650662,-0.1305,-0.0087,-0.4918,0.631
738193.796653229,-0.1295,-0.0097,-0.5949,0.7341
738193.796655821,-0.1284,-0.0107,-0.6133,0.7524
738193.796658366,-0.1274,-0.0116,-0.5977,0.7367
738193.796660942,-0.1266,-0.0128,-0.5736,0.713
738193.796663529,-0.1255,-0.0138,-0.5515,0.6908
738193.796666094,-0.1243,-0.0138,-0.5349,0.673
738193.796668658,-0.1234,-0.015,-0.5236,0.662
738193.796671253,-0.1221,-0.016,-0.5163,0.6544
738193.796673817,-0.1209,-0.017,-0.5117,0.6496
738193.79667638,-0.1198,-0.0172,-0.5093,0.6463
738193.796678954,-0.1185,-0.0182,-0.5081,0.6448
738193.79668152,-0.1172,-0.0183,-0.508,0.6435
738193.796684102,-0.1161,-0.0194,-0.5086,0.6441
738193.796686659,-0.115,-0.0203,-0.5095,0.6448
738193.796689256,-0.1137,-0.0205,-0.511,0.6452
738193.796691818,-0.1126,-0.0208,-0.5129,0.6463
738193.796694384,-0.1112,-0.0208,-0.515,0.647
738193.796696951,-0.1097,-0.0218,-0.5175,0.649
738193.796699537,-0.1085,-0.0221,-0.5201,0.6507
738193.796703181,-0.1072,-0.0221,-0.523,0.6523
738193.796705702,-0.1057,-0.0224,-0.5258,0.6539
738193.796708274,-0.1045,-0.0226,-0.5288,0.6559
738193.796710828,-0.103,-0.0227,-0.532,0.6577
738193.796713417,-0.1017,-0.0229,-0.5352,0.6598
738193.796715965,-0.1002,-0.023,-0.5385,0.6617
738193.796718542,-0.0986,-0.023,-0.5417,0.6633
738193.796721099,-0.0973,-0.0233,-0.5449,0.6655
738193.796723688,-0.0958,-0.0233,-0.5482,0.6673
738193.796726239,-0.0943,-0.0225,-0.5514,0.6682
738193.796728825,-0.093,-0.0227,-0.5545,0.6702
738193.796731392,-0.0915,-0.0228,-0.5577,0.672
738193.796733958,-0.0903,-0.0221,-0.5607,0.6731
738193.796736527,-0.0888,-0.0221,-0.5638,0.6747
738193.796739095,-0.0873,-0.0213,-0.5668,0.6754
738193.796741677,-0.0861,-0.0215,-0.5697,0.6773
738193.796744272,-0.0846,-0.0206,-0.5726,0.6778
738193.796746811,-0.0834,-0.0199,-0.5754,0.6787
738193.796749385,-0.082,-0.02,-0.578,0.68
738193.796751951,-0.0806,-0.0191,-0.5806,0.6803
738193.796754549,-0.0795,-0.0184,-0.583,0.6809
738193.796757088,-0.0782,-0.0175,-0.5854,0.6811
738193.796759674,-0.0771,-0.0168,-0.5875,0.6814
738193.796762264,-0.0758,-0.016,-0.5896,0.6814
738193.796764801,-0.0748,-0.0152,-0.5916,0.6816
738193.796767384,-0.0736,-0.0144,-0.5935,0.6815
738193.796769968,-0.0726,-0.0146,-0.5953,0.6825
738193.79677254,-0.0715,-0.0137,-0.597,0.6822
738193.796775097,-0.0704,-0.0128,-0.5985,0.6817
738193.79677766,-0.0695,-0.0121,-0.5999,0.6815
738193.796780243,-0.0684,-0.0112,-0.6011,0.6807
738193.796782798,-0.0676,-0.0105,-0.6021,0.6802
738193.796785386,-0.0666,-0.0096,-0.6029,0.6791
738193.796787948,-0.0659,-0.0089,-0.6036,0.6784
738193.796790517,-0.0649,-0.009,-0.6041,0.678
738193.796793077,-0.0642,-0.0083,-0.6044,0.6769
738193.796795678,-0.0633,-0.0074,-0.6046,0.6753
738193.796798231,-0.0624,-0.0065,-0.6047,0.6736
738193.796800815,-0.0617,-0.0067,-0.6047,0.6731
738193.796803388,-0.0609,-0.0058,-0.6046,0.6713
738193.796805949,-0.0603,-0.0051,-0.6044,0.6698
738193.796808509,-0.0595,-0.0042,-0.6041,0.6678
738193.796811083,-0.059,-0.0035,-0.6037,0.6662
738193.796813646,-0.0583,-0.0035,-0.6031,0.6649
738193.79681622,-0.0576,-0.0026,-0.6025,0.6627
738193.796818781,-0.0571,-0.0019,-0.6019,0.6609
738193.796821367,-0.0567,-0.0012,-0.6011,0.659
738193.796823929,-0.056,-0.0003,-0.6002,0.6565
738193.796826503,-0.0554,-0.0006,-0.5993,0.6553
738193.796829073,-0.055,-0.0013,-0.5983,0.6546
738193.796831655,-0.0544,-0.0022,-0.5972,0.6538
738193.796834212,-0.0541,-0.003,-0.5961,0.6532
738193.796836795,-0.0535,-0.0039,-0.5949,0.6523
738193.796839353,-0.0532,-0.0046,-0.5936,0.6514
738193.796841922,-0.0527,-0.0055,-0.5924,0.6506
738193.796844494,-0.052,-0.0074,-0.5912,0.6506
738193.796847074,-0.0517,-0.0081,-0.5899,0.6497
738193.796849644,-0.0511,-0.009,-0.5887,0.6488
738193.796852225,-0.0508,-0.0107,-0.5875,0.649
738193.796854785,-0.0502,-0.0116,-0.5862,0.648
738193.796857369,-0.0496,-0.0135,-0.585,0.6481
738193.796859948,-0.0493,-0.0142,-0.5838,0.6473
738193.796862536,-0.0487,-0.0161,-0.5826,0.6474
738193.796865078,-0.0484,-0.0178,-0.5814,0.6476
738193.796867643,-0.0479,-0.0197,-0.5801,0.6477
738193.79687021,-0.0473,-0.0216,-0.579,0.6479
738193.796872783,-0.0469,-0.0233,-0.5779,0.6481
738193.796875346,-0.0463,-0.0252,-0.577,0.6485
738193.796877927,-0.0456,-0.027,-0.5762,0.6488
738193.796880491,-0.0451,-0.0297,-0.5756,0.6504
738193.796883077,-0.0444,-0.0316,-0.5752,0.6512
738193.796885631,-0.0435,-0.0335,-0.5749,0.6519
738193.796888213,-0.0429,-0.0352,-0.5747,0.6528
738193.796890778,-0.0421,-0.0381,-0.5748,0.655
738193.796893374,-0.0411,-0.04,-0.5749,0.656
738193.796895912,-0.0404,0.0417,-0.5752,0.6573
738193.79689849,-0.0394,0.0436,-0.5757,0.6587
738193.796901061,-0.0384,0.0465,-0.5762,0.6611
738193.796903636,-0.0375,0.0482,-0.5769,0.6626
738193.796906193,-0.0364,0.0502,-0.5776,0.6642
738193.796908783,-0.0355,0.0519,-0.5785,0.6659
738193.796911347,-0.0343,0.0528,-0.5794,0.6665
738193.796913912,-0.0331,0.0548,-0.5803,0.6682
738193.796916493,-0.0321,0.0565,-0.5812,0.6698
738193.79691906,-0.0309,0.0584,-0.5821,0.6714
738193.796921624,-0.0299,0.0592,-0.5831,0.6722
738193.796924191,-0.0287,0.0611,-0.584,0.6738
738193.796926769,-0.0274,0.0621,-0.585,0.6745
738193.796929348,-0.0265,0.0638,-0.586,0.6763
738193.7969319,-0.0252,0.0648,-0.5871,0.6771
738193.796934487,-0.0242,0.0665,-0.5883,0.679
738193.796937075,-0.0229,0.0675,-0.5895,0.6799
738193.796939619,-0.0219,0.0683,-0.5908,0.681
738193.796942196,-0.0206,0.0693,-0.5921,0.682
738193.796944766,-0.0195,0.07,-0.5933,0.6828
738193.796947334,-0.0182,0.071,-0.5945,0.6837
738193.796949902,-0.0171,0.0708,-0.5956,0.6835
738193.796952514,-0.0159,0.0718,-0.5967,0.6844
738193.796955044,-0.0146,0.0727,-0.5977,0.685
738193.796957609,-0.0136,0.0726,-0.5986,0.6848
738193.796960185,-0.0123,0.0725,-0.5995,0.6843
738193.796962795,-0.0113,0.0733,-0.6003,0.6849
738193.796965336,-0.0104,0.0731,-0.601,0.6845
738193.796967897,-0.0092,0.0731,-0.6016,0.6839
738193.796970469,-0.0083,0.0739,-0.602,0.6842
738193.796973052,-0.0071,0.0739,-0.6024,0.6834
738193.796975609,-0.0063,0.0737,-0.6026,0.6826
738193.796978212,-0.0052,0.0737,-0.6024,0.6813
738193.796980753,-0.0044,0.0735,-0.6015,0.6794
738193.796983355,-0.0033,0.0735,-0.5988,0.6756
738193.796985976,-0.0025,0.0733,-0.5938,0.6696
738193.796988475,-0.0013,0.0743,-0.5858,0.6614
738193.796991049,-0.0003,0.0741,-0.5749,0.6493
738193.796993614,0.001,0.0741,-0.5615,0.6366
738193.79699622,0.0023,0.0741,-0.5462,0.6226
738193.79699874,0.0039,0.0741,-0.5297,0.6077
738193.797001318,0.0053,0.0739,-0.5128,0.592
738193.797003885,0.0072,0.0739,-0.4955,0.5766
738193.797006464,0.0092,0.0739,-0.4782,0.5613
738193.797009047,0.0114,0.0749,-0.4613,0.5476
738193.797011651,0.0138,0.0749,-0.4449,0.5336
738193.797014167,0.0164,0.0749,-0.4292,0.5205
738193.797016763,0.0192,0.0748,-0.4142,0.5082
738193.797019337,0.0222,0.0758,-0.4,0.498
738193.797021885,0.0251,0.0756,-0.3868,0.4875
738193.797024486,0.0288,0.0768,-0.3743,0.4799
738193.797027028,0.0325,0.0768,-0.363,0.4723
738193.7970296,0.0364,0.0778,-0.3525,0.4667
738193.797032168,0.0405,0.0778,-0.343,0.4613
738193.797034745,0.0449,0.0788,-0.3344,0.4581
738193.797037309,0.0495,0.0798,-0.3268,0.4561
738193.797039882,0.0543,0.0798,-0.3202,0.4543
738193.797042454,0.0594,0.0807,-0.3144,0.4545
738193.797045021,0.0648,0.0807,-0.3096,0.4551
738193.797047618,0.0704,0.0817,-0.3057,0.4578
738193.797050165,0.0762,0.0827,-0.3025,0.4614
738193.797052743,0.0826,0.0829,-0.3003,0.4658
738193.797055304,0.089,0.0839,-0.299,0.4719
738193.797057878,0.0956,0.0849,-0.2986,0.4791
738193.797060445,0.1025,0.0849,-0.299,0.4864
738193.79706302,0.1096,0.0859,-0.3002,0.4957
738193.797065587,0.117,0.0859,-0.3022,0.5051
738193.797068295,0.1245,0.0869,-0.3049,0.5163
738193.797070852,0.1325,0.0871,-0.3085,0.5281
738193.797073427,0.1403,0.0881,-0.3124,0.5408
738193.797075993,0.1486,0.0893,-0.3168,0.5547
738193.797078591,0.1564,0.0891,-0.3217,0.5672
738193.797081135,0.1648,0.0903,-0.327,0.5821
738193.797083735,0.1727,0.0901,-0.3325,0.5953
738193.797086299,0.181,0.0911,-0.3382,0.6103
738193.797088867,0.1895,0.0913,-0.344,0.6248
738193.797091451,0.1978,0.0913,-0.3499,0.639
738193.797094013,0.2058,0.0911,-0.3556,0.6525
738193.797096561,0.2142,0.0911,-0.3615,0.6668
738193.797099161,0.2227,0.0911,-0.3673,0.6811
738193.797101732,0.2312,0.0911,-0.3732,0.6955
738193.797104281,0.2399,0.0901,-0.3793,0.7093
738193.797106842,0.2486,0.0901,-0.3853,0.724
738193.797109419,0.2572,0.0889,-0.3915,0.7376
738193.797112022,0.2661,0.0889,-0.3979,0.7529
738193.797114564,0.2752,0.0889,-0.4047,0.7688
738193.797117129,0.2845,0.0879,-0.4118,0.7842
738193.79711972,0.2936,0.0878,-0.4194,0.8008
738193.797122278,0.3032,0.0867,-0.4274,0.8173
738193.797124854,0.313,0.0857,-0.4357,0.8344
738193.797127411,0.3226,0.0855,-0.4446,0.8527
738193.797129993,0.3326,0.0845,-0.4537,0.8708
738193.797132561,0.3428,0.0845,-0.4633,0.8906
738193.797135134,0.3527,0.0833,-0.473,0.909
738193.797137696,0.363,0.0833,-0.4829,0.9292
738193.797140279,0.3728,0.0821,-0.4927,0.9476
738193.797142874,0.3828,0.0821,-0.5021,0.967
738193.79714542,0.3923,0.0809,-0.5111,0.9843
738193.797147982,0.4018,0.0809,-0.5195,1.0022
738193.797150591,0.4109,0.0807,-0.5272,1.0188
738193.797153153,0.42,0.0797,-0.5343,1.034
738193.797155705,0.429,0.0797,-0.5406,1.0493
738193.797158262,0.4373,0.0795,-0.546,1.0628
738193.797160837,0.4453,0.0793,-0.5506,1.0752
738193.797163408,0.4535,0.0783,-0.5544,1.0862
738193.797166015,0.4609,0.0781,-0.5572,1.0962
738193.797168553,0.4684,0.0781,-0.559,1.1055
738193.797171125,0.4753,0.0779,-0.5599,1.1131
738193.797173704,0.4822,0.0779,-0.5599,1.12
738193.797176268,0.4888,0.0779,-0.5589,1.1256
738193.797178829,0.4948,0.0787,-0.5569,1.1304
738193.797181415,0.5007,0.0787,-0.5539,1.1333
738193.797184011,0.5059,0.0785,-0.5498,1.1342
738193.79718656,0.5111,0.0796,-0.5446,1.1353
738193.797189112,0.5161,0.0796,-0.5383,1.134
738193.797191689,0.5209,0.0796,-0.5311,1.1316
738193.797194267,0.5252,0.0804,-0.523,1.1286
738193.797196828,0.5296,0.0804,-0.5142,1.1242
738193.797199412,0.5339,0.0814,-0.5046,1.1199
738193.79720197,0.5381,0.0825,-0.4947,1.1153
738193.797204535,0.5419,0.0823,-0.4842,1.1084
738193.79720711,0.5457,0.0833,-0.473,1.102
738193.797209682,0.5493,0.0844,-0.4613,1.095
738193.797212251,0.5527,0.0854,-0.4491,1.0872
738193.797214817,0.5558,0.0864,-0.436,1.0782
738193.797217406,0.5587,0.0864,-0.4223,1.0674
738193.797219985,0.5614,0.0885,-0.4081,1.058
738193.797222547,0.5639,0.0896,-0.3932,1.0467
738193.79722511,0.5663,0.0906,-0.3778,1.0347
738193.797227691,0.5686,0.0917,-0.3619,1.0222
738193.797230248,0.5711,0.0929,-0.3456,1.0096
738193.797232822,0.5732,0.095,-0.3292,0.9974
738193.797235418,0.5754,0.096,-0.3128,0.9842
738193.797237968,0.5776,0.0981,-0.2964,0.9721
738193.797240548,0.5801,0.1004,-0.2801,0.9606
738193.797243101,0.5823,0.1025,-0.2641,0.9489
738193.797245673,0.5846,0.1046,-0.2482,0.9374
738193.797248247,0.5873,0.1069,-0.2328,0.927
738193.79725082,0.5898,0.109,-0.2176,0.9164
738193.797253398,0.5927,0.1113,-0.2029,0.9069
738193.797255959,0.5955,0.1135,-0.1891,0.8981
738193.797258556,0.5985,0.1158,-0.1753,0.8896
738193.797261107,0.6015,0.1191,-0.1617,0.8823
738193.797263716,0.6042,0.1212,-0.1486,0.874
738193.797266253,0.6068,0.1244,-0.1355,0.8667
738193.797268872,0.6096,0.1267,-0.122,0.8583
738193.797271406,0.6123,0.1291,-0.1086,0.85
738193.797273961,0.6146,0.1323,-0.095,0.8419
738193.797276531,0.6171,0.1346,-0.0811,0.8328
738193.797279107,0.6194,0.138,-0.0671,0.8245
738193.797281676,0.6216,0.1403,-0.0528,0.8147
738193.797284255,0.6237,0.1427,-0.0383,0.8047
738193.797286833,0.6255,0.146,-0.0233,0.7948
738193.797289374,0.6269,0.1482,-0.0084,0.7835
738193.797291959,0.6283,0.1506,0.0071,0.786
738193.797294518,0.6295,0.1529,0.0232,0.8056
738193.797297095,0.6306,0.1553,0.0393,0.8252
738193.797299675,0.6316,0.1587,0.0558,0.8461
738193.79730223,0.6324,0.16,0.0727,0.8651
738193.797304805,0.6332,0.1624,0.0898,0.8854
738193.797307379,0.634,0.1647,0.1072,0.9059
738193.797309973,0.6347,0.1671,0.1248,0.9266
738193.797312523,0.6355,0.1684,0.1422,0.9461
738193.797315086,0.6367,0.171,0.1597,0.9674
738193.79731767,0.6379,0.1734,0.1768,0.9881
738193.797320246,0.6392,0.1747,0.1935,1.0074
738193.797322802,0.6407,0.176,0.2098,1.0265
738193.797325371,0.6424,0.1784,0.2254,1.0462
738193.79732793,0.6445,0.1799,0.2405,1.0649
738193.797330509,0.6464,0.1812,0.2549,1.0825
738193.797333085,0.6481,0.1826,0.269,1.0997
738193.797335684,0.6501,0.1852,0.2826,1.1179
738193.797338226,0.6515,0.1865,0.2963,1.1343
738193.797340789,0.6533,0.188,0.3097,1.151
738193.797343365,0.6547,0.1904,0.323,1.1681
738193.797345973,0.656,0.1918,0.3366,1.1844
738193.797348498,0.6575,0.1944,0.3501,1.202
738193.797351077,0.6585,0.1957,0.3633,1.2175
738193.79735365,0.6597,0.1984,0.376,1.2341
738193.797356228,0.6607,0.1997,0.3874,1.2478
738193.797358816,0.6618,0.2023,0.3979,1.262
738193.797361375,0.6628,0.205,0.4073,1.2751
738193.797363922,0.6633,0.2063,0.4156,1.2852
738193.7973665,0.6643,0.2089,0.4227,1.2959
738193.797369065,0.6647,0.2114,0.4291,1.3052
738193.797371644,0.6654,0.214,0.435,1.3144
738193.797374216,0.666,0.2167,0.4405,1.3232
738193.797376787,0.6662,0.2191,0.4459,1.3312
738193.797379364,0.6665,0.2218,0.4514,1.3397
738193.797381965,0.6665,0.2255,0.4571,1.3491
738193.797384518,0.6664,0.228,0.4629,1.3573
738193.797387077,0.6663,0.2306,0.4691,1.366
738193.797389652,0.666,0.2333,0.4758,1.3751
738193.797392226,0.6653,0.2368,0.4829,1.385
738193.797394811,0.6646,0.2395,0.4907,1.3948
738193.797397366,0.6639,0.2422,0.4988,1.4049
738193.797399918,0.663,0.2449,0.5075,1.4154
738193.797402529,0.6616,0.2485,0.5165,1.4266
738193.797405064,0.6604,0.2511,0.5261,1.4376
738193.797407644,0.6591,0.2538,0.536,1.4489
738193.797410208,0.6576,0.2576,0.5464,1.4616
738193.797412782,0.656,0.2603,0.557,1.4733
738193.797415352,0.654,0.2628,0.568,1.4848
738193.79741792,0.6522,0.2666,0.5793,1.4981
738193.797420492,0.6503,0.2693,0.5909,1.5105
738193.797423054,0.6483,0.2721,0.6027,1.5231
738193.797425629,0.6463,0.2748,0.6147,1.5358
738193.7974282,0.6443,0.2775,0.6267,1.5485
738193.797430769,0.6423,0.2802,0.6389,1.5614
738193.797433342,0.6403,0.2841,0.651,1.5754
738193.797435908,0.6382,0.2868,0.6631,1.5881
738193.79743849,0.6361,0.2895,0.675,1.6006
738193.797441071,0.634,0.2923,0.6868,1.6131
738193.797443648,0.6322,0.2952,0.6986,1.626
738193.79744621,0.63,0.298,0.7103,1.6383
738193.797448813,0.6277,0.3019,0.7221,1.6517
738193.797451343,0.6254,0.3046,0.7338,1.6638
738193.797453914,0.6231,0.3074,0.7456,1.6761
738193.797456486,0.621,0.3115,0.7574,1.6899
738193.797459068,0.6187,0.3142,0.7692,1.7021
738193.79746164,0.6161,0.317,0.7811,1.7142
738193.797464208,0.6137,0.3209,0.7928,1.7274
738193.797466777,0.6114,0.3239,0.8047,1.74
738193.797469352,0.6088,0.3267,0.8165,1.752
738193.797471925,0.6062,0.3306,0.828,1.7648
738193.797474509,0.6037,0.3336,0.8397,1.777
738193.797477067,0.6009,0.3364,0.8513,1.7886
738193.797479638,0.5983,0.3394,0.8632,1.8009
738193.797482213,0.5951,0.3422,0.8753,1.8126
738193.797484786,0.5922,0.3453,0.8876,1.8251
738193.797487353,0.5888,0.3481,0.9003,1.8372
738193.797489937,0.5853,0.3509,0.9133,1.8495
738193.797492509,0.5818,0.3528,0.9268,1.8614
738193.797495077,0.5782,0.3559,0.9406,1.8747
738193.797497652,0.5742,0.3576,0.9549,1.8867
738193.797500216,0.5704,0.3595,0.9696,1.8995
738193.797502765,0.5661,0.3613,0.9847,1.9121
738193.797505348,0.5623,0.3632,0.9998,1.9253
738193.797507909,0.5585,0.3651,1.015,1.9386
738193.797510488,0.5545,0.3658,1.0301,1.9504
738193.797513033,0.5508,0.3677,1.0449,1.9634
738193.797515616,0.5473,0.3697,1.0593,1.9763
738193.79751818,0.5438,0.3714,1.0732,1.9884
738193.797520753,0.541,0.3722,1.0861,1.9993
738193.797523315,0.5385,0.3742,1.098,2.0107
738193.797525908,0.5364,0.375,1.1087,2.0201
738193.79752846,0.5345,0.377,1.1182,2.0297
738193.797531031,0.5324,0.3776,1.1268,2.0368
738193.797533653,0.5307,0.3796,1.1346,2.0449
738193.79753618,0.5291,0.3804,1.142,2.0515
738193.797538755,0.5275,0.3824,1.1493,2.0592
738193.797541321,0.526,0.3833,1.1563,2.0656
738193.797543895,0.5243,0.3839,1.1631,2.0713
738193.797546464,0.5232,0.3861,1.1698,2.0791
738193.797549025,0.5217,0.3867,1.1762,2.0846
738193.797551599,0.5207,0.3887,1.1823,2.0917
738193.797554169,0.5197,0.3896,1.1881,2.0974
738193.797556764,0.5187,0.3916,1.1936,2.1039
738193.797559316,0.5178,0.3924,1.1989,2.1091
738193.797561968,0.517,0.3944,1.2038,2.1152
738193.797564452,0.5164,0.3953,1.2085,2.1202
738193.797567074,0.5158,0.3973,1.2127,2.1258
738193.797569623,0.5152,0.3993,1.2157,2.1302
738193.797572181,0.5146,0.4013,1.217,2.1329
738193.79757474,0.5139,0.402,1.2158,2.1317
738193.797577299,0.5135,0.404,1.212,2.1295
738193.797579882,0.513,0.406,1.2058,2.1248
738193.797582448,0.5125,0.408,1.1977,2.1182
738193.797585014,0.5121,0.4101,1.1881,2.1103
738193.797587617,0.5112,0.4119,1.1775,2.1006
738193.797590156,0.5106,0.4139,1.1663,2.0908
738193.797592763,0.51,0.4159,1.1548,2.0807
738193.797595294,0.5092,0.4191,1.1432,2.0715
738193.797597873,0.5081,0.4209,1.1317,2.0607
738193.797600435,0.5071,0.423,1.1203,2.0504
738193.797603028,0.5062,0.425,1.1093,2.0405
738193.797605609,0.5047,0.428,1.0986,2.0313
738193.797608166,0.5036,0.43,1.0884,2.022
738193.797610718,0.5023,0.4321,1.0784,2.0128
738193.797613299,0.5005,0.4351,1.0688,2.0044
738193.797615872,0.4989,0.4372,1.0592,1.9953
738193.797618443,0.4969,0.4402,1.0497,1.9868
738193.797621011,0.495,0.4422,1.0401,1.9773
738193.797623581,0.4928,0.4441,1.0307,1.9676
738193.797626151,0.4906,0.4473,1.0215,1.9594
738193.797628724,0.488,0.4492,1.0126,1.9498
738193.797631296,0.4855,0.4524,1.0041,1.942
738193.797633868,0.4827,0.4543,0.9961,1.9331
738193.79763644,0.4795,0.4573,0.9886,1.9254
738193.797639015,0.4766,0.4606,0.9817,1.9189
738193.797641568,0.4731,0.4624,0.9752,1.9107
738193.797644147,0.4698,0.4657,0.9694,1.9049
738193.797646711,0.466,0.4676,0.9641,1.8977
738193.797649345,0.4622,0.4708,0.9594,1.8924
738193.797651888,0.4581,0.4739,0.9553,1.8873
738193.797654427,0.4536,0.477,0.9517,1.8823
738193.797657003,0.4491,0.4789,0.9488,1.8768
738193.797659579,0.4446,0.4821,0.9463,1.873
738193.797662141,0.4397,0.4852,0.9445,1.8694
738193.797664721,0.4347,0.4883,0.9431,1.8661
738193.797667303,0.4297,0.4916,0.9423,1.8636
738193.79766986,0.4242,0.4947,0.942,1.8609
738193.79767243,0.4185,0.4978,0.9422,1.8585
738193.797675002,0.413,0.5011,0.943,1.8571
738193.797677568,0.407,0.5042,0.9442,1.8554
738193.797680156,0.4008,0.5073,0.9459,1.854
738193.797682705,0.3946,0.5106,0.9481,1.8533
738193.797685302,0.3883,0.5137,0.9508,1.8528
738193.797687851,0.3817,0.5169,0.9537,1.8523
738193.797690439,0.3754,0.5202,0.9569,1.8525
738193.797692982,0.3686,0.5233,0.9602,1.8521
738193.797695574,0.3619,0.5277,0.9637,1.8533
738193.797698141,0.3552,0.531,0.9676,1.8538
738193.797700708,0.3483,0.5342,0.9717,1.8542
738193.797703271,0.3416,0.5375,0.976,1.8551
738193.797705848,0.3346,0.5407,0.9802,1.8555
738193.797708416,0.328,0.5441,0.9836,1.8557
738193.79771101,0.321,0.5472,0.9857,1.8539
738193.797713554,0.314,0.5504,0.9855,1.8499
738193.797716126,0.3071,0.5536,0.9804,1.8411
738193.797718692,0.3004,0.5582,0.9678,1.8264
738193.797721283,0.2933,0.5614,0.9467,1.8014
738193.797723845,0.2858,0.5645,0.9174,1.7677
738193.797726423,0.2781,0.5675,0.8819,1.7275
738193.797728991,0.2705,0.5707,0.8414,1.6826
738193.79773156,0.2626,0.5751,0.7976,1.6353
738193.797734121,0.2543,0.5781,0.7516,1.584
738193.797736706,0.246,0.5813,0.7045,1.5318
738193.79773926,0.2372,0.5855,0.6569,1.4796
738193.797741855,0.2282,0.5884,0.6093,1.4259
738193.797744423,0.2192,0.5914,0.5622,1.3728
738193.797746983,0.2099,0.5956,0.5159,1.3214
738193.797749557,0.2005,0.5986,0.47,1.2691
738193.797752133,0.191,0.6028,0.4257,1.2195
738193.797754687,0.1812,0.6058,0.382,1.169
738193.797757267,0.1712,0.6101,0.3396,1.1209
738193.79775983,0.1608,0.6128,0.2984,1.072
738193.797762435,0.1506,0.6171,0.2586,1.0263
738193.797764977,0.1397,0.6199,0.2197,0.9793
738193.797767553,0.129,0.6229,0.1822,0.9341
738193.79777011,0.1176,0.6269,0.1457,0.8902
738193.797772718,0.1061,0.6297,0.1103,0.8461
738193.797775258,0.0947,0.6337,0.0764,0.8048
738193.797777841,0.0831,0.6368,0.0428,0.7627
738193.797780402,0.0712,0.6396,0.0103,0.7211
738193.797782977,0.0592,0.6436,-0.0211,0.7239
738193.797785553,0.0472,0.6465,-0.0515,0.7452
738193.797788143,0.035,0.6493,-0.0813,0.7656
738193.797790688,0.0225,0.6531,-0.1103,0.7859
738193.797793287,0.0101,0.656,-0.139,0.8051
738193.797795831,-0.0022,0.6588,-0.1671,0.8281
738193.797798419,-0.0143,0.6616,-0.1946,0.8705
738193.79780097,-0.0269,0.6655,-0.2219,0.9143
738193.797803596,-0.039,0.6683,-0.249,0.9563
738193.797806136,-0.0515,0.671,-0.2758,0.9983
738193.797808678,-0.0635,0.6738,-0.3024,1.0397
738193.797811247,-0.0759,0.6765,-0.3286,1.081
738193.797813819,-0.0882,0.6791,-0.3546,1.1219
738193.797816408,-0.1005,0.6832,-0.3803,1.164
738193.797818975,-0.1131,0.6858,-0.4054,1.2043
738193.797821555,-0.1258,0.6885,-0.43,1.2443
738193.797824124,-0.1383,0.6914,-0.4538,1.2835
738193.797826719,-0.1514,0.6952,-0.477,1.3236
738193.797829294,-0.1645,0.6979,-0.4991,1.3615
738193.79783182,-0.1784,0.7005,-0.5212,1.4001
738193.797834412,-0.1917,0.7032,-0.5416,1.4365
738193.79783698,-0.2055,0.7059,-0.5614,1.4728
738193.797839572,-0.2197,0.7086,-0.5784,1.5067
738193.797842124,-0.2337,0.7112,-0.5897,1.5346
738193.797844683,-0.2482,0.7139,-0.5943,1.5564
738193.797847243,-0.2625,0.7166,-0.5918,1.5709
738193.797849817,-0.277,0.7193,-0.5831,1.5794
738193.797852399,-0.2918,0.7207,-0.5692,1.5817
738193.797855022,-0.3064,0.7234,-0.5515,1.5813
738193.797857551,-0.3204,0.7251,-0.5304,1.5759
738193.797860112,-0.335,0.7278,-0.5058,1.5686
738193.79786269,-0.3494,0.7296,-0.4769,1.5559
738193.797865254,-0.3634,0.731,-0.4451,1.5395
738193.797867809,-0.3773,0.7327,-0.4089,1.5189
738193.7978704,-0.3913,0.7342,-0.3694,1.4949
738193.797872963,-0.4044,0.7347,-0.3275,1.4666
738193.797875581,-0.4174,0.7364,-0.2837,1.4375
738193.797878119,-0.4301,0.7382,-0.2383,1.4066
738193.797880673,-0.4421,0.7387,-0.1932,1.374
738193.797883236,-0.454,0.7392,-0.1479,1.3411
738193.797885815,-0.4649,0.7399,-0.104,1.3088
738193.79788838,-0.4759,0.7404,-0.0608,1.2771
738193.797890987,-0.4862,0.7409,-0.0193,1.2464
738193.797893515,-0.4959,0.7416,0.0208,1.2583
738193.7978961,-0.505,0.7409,0.0584,1.3043
738193.79789866,-0.5134,0.7416,0.0948,1.3498
738193.797901233,-0.5213,0.7411,0.1291,1.3915
738193.797903802,-0.5288,0.7404,0.1613,1.4305
738193.797906374,-0.5354,0.7386,0.1914,1.4654
738193.797908979,-0.5418,0.7379,0.2198,1.4995
738193.79791152,-0.5471,0.7361,0.246,1.5292
738193.797914093,-0.5519,0.7344,0.2704,1.5567
738193.797916688,-0.5562,0.7324,0.2924,1.581
738193.797919232,-0.5595,0.7294,0.3126,1.6015
738193.79792181,-0.5622,0.7276,0.3309,1.6207
738193.79792437,-0.5644,0.7246,0.3474,1.6364
738193.797926949,-0.5664,0.7213,0.362,1.6497
738193.797929518,-0.5677,0.7183,0.3753,1.6613
738193.797932084,-0.5686,0.714,0.3872,1.6698
738193.797934664,-0.5696,0.7107,0.398,1.6783
738193.797937234,-0.57,0.7064,0.4078,1.6842
738193.797939794,-0.5701,0.7021,0.4166,1.6888
738193.797942373,-0.5702,0.6962,0.4247,1.6911
738193.797944931,-0.5698,0.6919,0.432,1.6937
738193.79794751,-0.5695,0.6861,0.4385,1.6941
738193.797950092,-0.5686,0.6805,0.4443,1.6934
738193.797952668,-0.5677,0.6746,0.4494,1.6917
738193.797955213,-0.5663,0.669,0.4538,1.6891
738193.797957807,-0.5649,0.6618,0.4576,1.6843
738193.797960352,-0.563,0.6549,0.4608,1.6787
738193.79796293,-0.5612,0.649,0.4634,1.6736
738193.797965521,-0.5592,0.6406,0.4654,1.6652
738193.797968081,-0.557,0.6334,0.467,1.6574
738193.79797065,-0.5545,0.6264,0.4682,1.6491
738193.79797322,-0.5519,0.6179,0.469,1.6388
738193.79797579,-0.5493,0.6094,0.4694,1.6281
738193.797978391,-0.5464,0.6022,0.4693,1.6179
738193.797980945,-0.5429,0.5939,0.4688,1.6056
738193.797983508,-0.5396,0.5854,0.4679,1.5929
738193.797986078,-0.5361,0.5781,0.4664,1.5806
738193.797988653,-0.5323,0.5695,0.4644,1.5662
738193.797991225,-0.528,0.561,0.4617,1.5507
738193.797993808,-0.5233,0.5537,0.4581,1.5351
738193.797996357,-0.5182,0.5451,0.4535,1.5168
738193.797998936,-0.5127,0.5365,0.4478,1.497
738193.798001496,-0.5068,0.5294,0.4413,1.4775
738193.798004082,-0.5014,0.522,0.4343,1.4577
738193.798006635,-0.4965,0.5134,0.4269,1.4368
738193.798009235,-0.492,0.506,0.4203,1.4183
738193.798011777,-0.488,0.4986,0.4146,1.4012
738193.798014349,-0.4843,0.4912,0.41,1.3855
738193.798016946,-0.4809,0.4838,0.4065,1.3712
738193.79801951,-0.4777,0.4764,0.404,1.3581
738193.798022067,-0.4744,0.4692,0.4021,1.3457
738193.798024675,-0.4717,0.4617,0.4009,1.3343
738193.798027212,-0.4696,0.4543,0.4003,1.3242
738193.798029782,-0.4681,0.4468,0.4008,1.3157
738193.79803237,-0.467,0.4396,0.4028,1.3094
738193.798034929,-0.4668,0.4321,0.4066,1.3055
738193.798037505,-0.4671,0.4259,0.4121,1.3051
738193.79804007,-0.4679,0.4184,0.4192,1.3055
738193.798042676,-0.4687,0.4111,0.4277,1.3075
738193.79804521,-0.4703,0.4036,0.4374,1.3113
738193.798047785,-0.4718,0.3976,0.4479,1.3173
738193.798050352,-0.474,0.39,0.4594,1.3234
738193.798052926,-0.4762,0.3827,0.4717,1.3306
738193.798055508,-0.4788,0.3764,0.4843,1.3395
738193.798058057,-0.4816,0.3688,0.4976,1.348
738193.798060661,-0.484,0.3615,0.5111,1.3566
738193.798063235,-0.4869,0.3552,0.5247,1.3668
738193.79806578,-0.4894,0.3491,0.5381,1.3766
738193.798068344,-0.4918,0.3431,0.5513,1.3862
738193.798070948,-0.4941,0.337,0.564,1.3951
738193.798073485,-0.4968,0.3306,0.5763,1.4037
738193.798076063,-0.499,0.3258,0.5881,1.4129
738193.798078618,-0.5011,0.3197,0.5993,1.4201
738193.798081208,-0.5034,0.3149,0.6101,1.4284
738193.798083765,-0.5055,0.3101,0.6204,1.436
738193.798086352,-0.5078,0.3066,0.6304,1.4448
738193.798088907,-0.5101,0.3018,0.6404,1.4523
738193.798091487,-0.5124,0.2969,0.6503,1.4596
738193.798094077,-0.5145,0.2937,0.6604,1.4686
738193.798096636,-0.5169,0.2888,0.6707,1.4764
738193.798099203,-0.5192,0.2853,0.6811,1.4856
738193.798101779,-0.5213,0.2818,0.6913,1.4944
738193.798104327,-0.5232,0.2769,0.7012,1.5013
738193.798106934,-0.5246,0.2736,0.7108,1.509
738193.798109469,-0.5262,0.27,0.7199,1.5161
738193.798112058,-0.5275,0.2651,0.7284,1.521
738193.798114617,-0.5285,0.2618,0.7364,1.5267
738193.798117198,-0.5292,0.2582,0.7435,1.5309
738193.798119765,-0.5299,0.2547,0.7501,1.5347
738193.798122336,-0.53,0.2513,0.7561,1.5374
738193.798124896,-0.5302,0.2477,0.7612,1.5391
738193.798127474,-0.53,0.2428,0.7649,1.5377
738193.798130053,-0.5294,0.2394,0.7664,1.5352
738193.798132625,-0.5288,0.2358,0.7653,1.5299
738193.798135189,-0.5279,0.2322,0.7613,1.5214
738193.798137769,-0.526,0.2288,0.7543,1.5091
738193.798140343,-0.5236,0.2252,0.7443,1.4931
738193.798142914,-0.5206,0.2216,0.7315,1.4737
738193.798145472,-0.5171,0.2179,0.7164,1.4514
738193.798148052,-0.5131,0.2143,0.6992,1.4266
738193.798150613,-0.5086,0.2107,0.6803,1.3996
738193.798153207,-0.5035,0.2083,0.6598,1.3716
738193.798155756,-0.4977,0.2047,0.6378,1.3402
738193.798158342,-0.4911,0.201,0.6138,1.3059
738193.798160906,-0.4837,0.1987,0.5885,1.2709
738193.798163489,-0.4757,0.195,0.5616,1.2323
738193.798166068,-0.4673,0.1927,0.5331,1.1931
738193.798168606,-0.4588,0.1887,0.5037,1.1512
738193.798171185,-0.4497,0.1864,0.4731,1.1092
738193.79817376,-0.4406,0.1827,0.4426,1.0659
738193.798176332,-0.4319,0.1801,0.4116,1.0236
738193.798178898,-0.4229,0.1778,0.3808,0.9815
738193.798181554,-0.4144,0.1751,0.3503,0.9398
738193.798184036,-0.4058,0.1728,0.3202,0.8988
738193.79818664,-0.3976,0.1702,0.2909,0.8587
738193.798189191,-0.3897,0.1676,0.2619,0.8192
738193.79819175,-0.3819,0.1649,0.2335,0.7803
738193.798194322,-0.3741,0.1639,0.2058,0.7438
738193.798196914,-0.3668,0.1613,0.179,0.7071
738193.798199468,-0.3597,0.1587,0.1531,0.6715
738193.79820203,-0.353,0.1574,0.1278,0.6382
738193.798204636,-0.3466,0.1547,0.1035,0.6048
738193.79820717,-0.3405,0.1535,0.0804,0.5744
738193.798209738,-0.3348,0.1508,0.0584,0.544
738193.798212324,-0.3294,0.1495,0.0372,0.5161
738193.798214883,-0.3244,0.1483,0.0172,0.4899
738193.798217445,-0.3197,0.1456,-0.0019,0.4672
738193.798220037,-0.3155,0.1443,-0.0197,0.4795
738193.798222593,-0.3116,0.143,-0.0366,0.4912
738193.798225177,-0.3081,0.1417,-0.0521,0.5019
738193.798227738,-0.305,0.1404,-0.0667,0.5121
738193.798230312,-0.3022,0.1378,-0.0803,0.5203
738193.798232917,-0.2998,0.1362,-0.0927,0.5287
738193.798235456,-0.2972,0.1349,-0.1046,0.5367
738193.798238021,-0.2946,0.1336,-0.1159,0.5441
738193.798240594,-0.2921,0.1323,-0.1269,0.5513
738193.7982432,-0.2897,0.131,-0.1378,0.5585
738193.798245753,-0.2876,0.1294,-0.1481,0.5651
738193.798248306,-0.2853,0.1295,-0.1583,0.5731
738193.798250894,-0.2834,0.1279,-0.1681,0.5794
738193.79825347,-0.2813,0.1266,-0.1777,0.5856
738193.798256059,-0.2793,0.1253,-0.187,0.5916
738193.798258603,-0.2775,0.1254,-0.196,0.5989
738193.798261175,-0.2762,0.1238,-0.2045,0.6045
738193.798263739,-0.2747,0.1239,-0.2125,0.6111
738193.798266317,-0.2733,0.1226,-0.2201,0.616
738193.798268892,-0.2726,0.1224,-0.2271,0.6221
738193.798271492,-0.2715,0.1224,-0.2329,0.6268
738193.798274026,-0.2707,0.1211,-0.2371,0.6289
738193.798276618,-0.2704,0.1209,-0.2388,0.6301
738193.798279205,-0.2699,0.121,-0.238,0.6289
738193.798281794,-0.2696,0.1211,-0.2345,0.6252
738193.798284342,-0.2697,0.1209,-0.2289,0.6195
738193.798286909,-0.2698,0.121,-0.2215,0.6123
738193.798289469,-0.2702,0.1225,-0.2123,0.605
738193.798292034,-0.2707,0.1225,-0.202,0.5952
738193.798294599,-0.2714,0.1226,-0.1906,0.5846
738193.798297162,-0.2724,0.1241,-0.1784,0.5749
738193.798299733,-0.2734,0.1242,-0.1656,0.5632
738193.798302297,-0.2744,0.1242,-0.1525,0.5511
738193.798304863,-0.2757,0.1257,-0.139,0.5404
738193.798307453,-0.2768,0.1258,-0.1256,0.5282
738193.79831001,-0.2779,0.1273,-0.1125,0.5177
738193.798312593,-0.2789,0.1288,-0.0994,0.5071
738193.798315151,-0.28,0.1289,-0.0863,0.4952
738193.798317746,-0.2809,0.1304,-0.0737,0.485
738193.798320284,-0.2813,0.1321,-0.0613,0.4747
738193.798322859,-0.2819,0.1337,-0.0493,0.4649
738193.798325432,-0.2824,0.1352,-0.0378,0.4554
738193.798328021,-0.2827,0.1352,-0.0267,0.4446
738193.79833061,-0.2826,0.137,-0.016,0.4356
738193.798333148,-0.2827,0.1385,-0.0059,0.4271
738193.798335742,-0.2826,0.1401,0.0039,0.4266
738193.798338296,-0.2824,0.1416,0.0131,0.4371
738193.798340869,-0.2817,0.1434,0.0221,0.4472
738193.798343432,-0.2812,0.1449,0.0305,0.4566
738193.798345989,-0.2806,0.1464,0.0386,0.4656
738193.798348566,-0.2795,0.1482,0.0463,0.474
738193.798351133,-0.2786,0.1497,0.0537,0.482
738193.798353713,-0.2776,0.1513,0.0606,0.4895
738193.798356281,-0.2762,0.1531,0.0672,0.4965
738193.798358849,-0.2748,0.1546,0.0733,0.5027
738193.798361426,-0.273,0.1579,0.0791,0.51
738193.798364021,-0.2713,0.1594,0.0844,0.5151
738193.798366567,-0.2692,0.1612,0.0893,0.5197
738193.79836916,-0.2673,0.1628,0.0939,0.524
738193.798371729,-0.2648,0.1646,0.098,0.5274
738193.798374275,-0.2626,0.1662,0.1018,0.5306
738193.798376842,-0.2602,0.1678,0.1052,0.5332
738193.79837942,-0.2573,0.171,0.1082,0.5365
738193.79838198,-0.2547,0.1726,0.1109,0.5382
738193.798384554,-0.2516,0.1744,0.1132,0.5392
738193.798387122,-0.2486,0.176,0.1152,0.5398
738193.798389694,-0.2452,0.1779,0.1169,0.54
738193.798392273,-0.242,0.1809,0.1183,0.5412
738193.798394851,-0.2383,0.1828,0.1193,0.5404
738193.798397404,-0.2349,0.1843,0.1201,0.5393
738193.798399983,-0.2309,0.1877,0.1205,0.5391
738193.798402547,-0.2273,0.1893,0.1206,0.5372
738193.798405123,-0.2235,0.1909,0.1205,0.5349
738193.79840769,-0.2192,0.1927,0.1202,0.5321
738193.798410283,-0.2148,0.1961,0.1196,0.5305
738193.798412842,-0.2108,0.1977,0.1188,0.5273
738193.79841541,-0.2063,0.201,0.1178,0.5251
738193.798417986,-0.2019,0.2026,0.1167,0.5212
738193.798420573,-0.1975,0.2043,0.1152,0.517
738193.798423134,-0.1927,0.2076,0.1133,0.5136
738193.798425704,-0.1882,0.2093,0.1108,0.5083
738193.798428257,-0.1833,0.2126,0.1076,0.5035
738193.798430856,-0.1786,0.2157,0.1039,0.4982
738193.798433404,-0.174,0.2174,0.0994,0.4908
738193.798435977,-0.169,0.2208,0.0944,0.4842
738193.798438535,-0.1644,0.2224,0.0888,0.4756
738193.798441114,-0.1594,0.2258,0.083,0.4682
738193.79844368,-0.1549,0.2289,0.0771,0.4609
738193.798446265,-0.1504,0.2321,0.0711,0.4536
738193.798448823,-0.1455,0.2355,0.0652,0.4462
738193.798451391,-0.1411,0.2371,0.0595,0.4377
738193.798453974,-0.1368,0.2403,0.0539,0.431
738193.798456571,-0.1321,0.2437,0.0486,0.4244
738193.798459122,-0.1279,0.2469,0.0434,0.4182
738193.798461683,-0.1238,0.2501,0.0386,0.4125
738193.798464252,-0.1194,0.255,0.0339,0.4083
738193.798466831,-0.1155,0.2582,0.0296,0.4033
738193.798469389,-0.1116,0.2614,0.0255,0.3985
738193.798471957,-0.1078,0.2646,0.0218,0.3942
738193.79847453,-0.1038,0.2695,0.0182,0.3915
738193.798477111,-0.1003,0.2727,0.0151,0.3881
738193.798479675,-0.0969,0.2777,0.0123,0.3869
738193.798482245,-0.094,0.2809,0.0101,0.385
738193.798484809,-0.0916,0.2857,0.0084,0.3857
738193.798487419,-0.0894,0.2889,0.0073,0.3856
738193.798490008,-0.0872,0.2939,0.0069,0.388
738193.798492528,-0.0855,0.2987,0.0071,0.3913
738193.798495097,-0.0841,0.3019,0.0079,0.3939
738193.79849766,-0.0828,0.3067,0.0092,0.3987
738193.798500235,-0.0813,0.3117,0.011,0.404
738193.798502844,-0.0804,0.315,0.0134,0.4088
738193.798505383,-0.0798,0.3198,0.0162,0.4158
738193.798507945,-0.0789,0.3233,0.0195,0.4217
738193.798510518,-0.0788,0.3281,0.0233,0.4302
738193.798513104,-0.0787,0.3314,0.0275,0.4376
738193.798515659,-0.0786,0.335,0.0323,0.4459
738193.798518253,-0.0791,0.3399,0.0376,0.4566
738193.798520818,-0.0799,0.3432,0.0434,0.4665
738193.798523404,-0.0805,0.3468,0.0496,0.4769
738193.798525944,-0.0816,0.3486,0.0562,0.4864
738193.798528536,-0.0829,0.3519,0.0633,0.4981
738193.79853109,-0.0841,0.3555,0.0709,0.5105
738193.798533664,-0.0859,0.3589,0.0789,0.5237
738193.798536229,-0.0874,0.361,0.0874,0.5358
738193.798538851,-0.0893,0.3644,0.096,0.5497
738193.798541382,-0.0911,0.3665,0.105,0.5626
738193.798543957,-0.0934,0.3699,0.1142,0.5775
738193.798546512,-0.0955,0.372,0.1237,0.5912
738193.798549087,-0.0982,0.3754,0.1333,0.6069
738193.798551649,-0.1007,0.3775,0.1433,0.6215
738193.798554257,-0.1037,0.3809,0.1534,0.638
738193.798556804,-0.1065,0.383,0.1636,0.6531
738193.798559389,-0.1095,0.3852,0.1742,0.6689
738193.798561952,-0.1127,0.3871,0.1846,0.6844
738193.798564523,-0.1157,0.3892,0.1952,0.7001
738193.798567076,-0.1192,0.3911,0.2059,0.7162
738193.798569684,-0.1222,0.3933,0.2166,0.7321
738193.798572234,-0.1255,0.3936,0.2273,0.7464
738193.798574797,-0.1283,0.3958,0.2379,0.762
738193.798577369,-0.131,0.3964,0.2485,0.7759
738193.798579943,-0.1341,0.3968,0.2588,0.7897
738193.798582507,-0.1365,0.3974,0.2688,0.8027
738193.798585087,-0.1387,0.398,0.2784,0.8151
738193.798587654,-0.1413,0.3984,0.2878,0.8275
738193.798590232,-0.1433,0.399,0.2966,0.8389
738193.798592789,-0.1452,0.3981,0.3051,0.8484
738193.798595377,-0.1468,0.3987,0.3131,0.8586
738193.798597949,-0.1485,0.3975,0.3206,0.8666
738193.798600517,-0.1496,0.3966,0.3276,0.8738
738193.79860309,-0.1508,0.3957,0.3344,0.8809
738193.798605651,-0.1521,0.3945,0.3407,0.8873
738193.798608226,-0.1528,0.3936,0.3466,0.893
738193.798610792,-0.1536,0.3908,0.352,0.8964
738193.798613394,-0.154,0.3898,0.3572,0.901
738193.798615939,-0.1542,0.3889,0.3619,0.905
738193.798618513,-0.1546,0.3861,0.3662,0.9069
738193.798621073,-0.1543,0.3852,0.3701,0.9096
738193.79862364,-0.1539,0.3827,0.3735,0.9101
738193.798626223,-0.1538,0.3814,0.3766,0.9118
738193.798628831,-0.153,0.3789,0.3792,0.9111
738193.79863136,-0.1522,0.3764,0.3814,0.91
738193.798633925,-0.1515,0.3751,0.3832,0.9098
738193.798636494,-0.1503,0.3726,0.3847,0.9076
738193.798639062,-0.1491,0.3716,0.3858,0.9065
738193.798641655,-0.1482,0.3688,0.3867,0.9037
738193.798644205,-0.1469,0.3663,0.3873,0.9005
738193.798646775,-0.1456,0.3653,0.3878,0.8987
738193.798649346,-0.1443,0.3627,0.388,0.895
738193.798651923,-0.1433,0.3615,0.3878,0.8926
738193.798654494,-0.1421,0.3605,0.3866,0.8892
738193.798657064,-0.1412,0.3576,0.384,0.8828
738193.798659623,-0.14,0.3567,0.3797,0.8764
738193.798662204,-0.1392,0.3554,0.3741,0.8687
738193.798664781,-0.1381,0.3544,0.3675,0.86
738193.798667348,-0.1371,0.3534,0.3601,0.8506
738193.798669914,-0.1366,0.3505,0.352,0.8391
738193.798672483,-0.1358,0.3512,0.3433,0.8303
738193.798675056,-0.1356,0.3499,0.3339,0.8194
738193.798677624,-0.135,0.3489,0.324,0.8079
738193.798680201,-0.1351,0.3476,0.3134,0.7961
738193.798682774,-0.1349,0.3466,0.3025,0.784
738193.798685335,-0.1354,0.3453,0.2913,0.772
738193.79868791,-0.1356,0.3459,0.2804,0.7619
738193.798690476,-0.1363,0.3446,0.2696,0.7505
738193.798693051,-0.1369,0.3452,0.2592,0.7413
738193.798695628,-0.1382,0.3439,0.2493,0.7314
738193.798698224,-0.1397,0.3426,0.2397,0.722
738193.798700805,-0.141,0.3432,0.2307,0.7149
738193.798703343,-0.1427,0.3419,0.2223,0.7069
738193.798705904,-0.1446,0.3422,0.2143,0.7011
738193.7987085,-0.1461,0.3412,0.2067,0.694
738193.798711067,-0.1482,0.3415,0.1995,0.6892
738193.798713616,-0.1503,0.3418,0.1927,0.6848
738193.798716185,-0.1519,0.3408,0.186,0.6787
738193.798718751,-0.1539,0.3411,0.1795,0.6745
738193.798721326,-0.1561,0.3398,0.1732,0.6691
738193.798723903,-0.1583,0.3401,0.167,0.6654
738193.798726477,-0.1599,0.3391,0.1609,0.6599
738193.798729041,-0.1622,0.3394,0.1549,0.6565
738193.798731608,-0.1644,0.3397,0.149,0.6531
738193.798734179,-0.1667,0.3384,0.1433,0.6484
738193.798736747,-0.1687,0.339,0.1376,0.6453
738193.798739332,-0.1711,0.3394,0.1322,0.6427
738193.7987419,-0.1736,0.3397,0.1269,0.6402
738193.798744476,-0.1763,0.34,0.1217,0.638
738193.798747038,-0.1785,0.339,0.1166,0.6341
738193.798749612,-0.1812,0.3393,0.1118,0.6323
738193.798752174,-0.1842,0.3396,0.1072,0.631
738193.798754749,-0.187,0.3399,0.1029,0.6298
738193.798757319,-0.1901,0.3402,0.0987,0.629
738193.798759899,-0.1934,0.3405,0.0949,0.6288
738193.798762485,-0.1968,0.3425,0.0913,0.6306
738193.798765058,-0.2003,0.3428,0.088,0.6311
738193.798767598,-0.2034,0.3435,0.0849,0.6318
738193.798770176,-0.2071,0.3438,0.082,0.6329
738193.79877274,-0.2107,0.3441,0.0793,0.6341
738193.79877532,-0.2145,0.3461,0.0765,0.6371
738193.798777924,-0.2182,0.3464,0.0738,0.6384
738193.798780466,-0.2219,0.3468,0.0711,0.6398
738193.798783023,-0.2256,0.3471,0.0684,0.6411
738193.798785621,-0.2294,0.3474,0.0657,0.6425
738193.798788167,-0.2331,0.3477,0.0631,0.6439
738193.798790735,-0.2369,0.3481,0.0606,0.6456
738193.798793303,-0.2405,0.3487,0.0584,0.6476
738193.798795899,-0.2446,0.349,0.0564,0.65
738193.798798442,-0.2489,0.3494,0.0547,0.653
738193.798801026,-0.2533,0.3497,0.0534,0.6564
738193.798803618,-0.2579,0.3484,0.0523,0.6586
738193.798806168,-0.2627,0.3487,0.0515,0.6629
738193.798808734,-0.2676,0.349,0.0511,0.6677
738193.798811341,-0.2725,0.3494,0.0509,0.6728
738193.798813871,-0.2777,0.3497,0.0509,0.6783
738193.798816446,-0.283,0.35,0.0513,0.6843
738193.798819012,-0.2884,0.3487,0.0518,0.6889
738193.798821599,-0.2936,0.349,0.0525,0.6951
738193.798824172,-0.2991,0.3493,0.0534,0.7018
738193.798826734,-0.3044,0.3497,0.0542,0.7083
738193.798829563,-0.3099,0.3507,0.0551,0.7157
738193.798832149,-0.3154,0.3513,0.056,0.7227
738193.798834708,-0.321,0.3513,0.0567,0.729
738193.798837269,-0.3264,0.3517,0.0575,0.7356
738193.798839863,-0.3319,0.352,0.0583,0.7422
738193.798842417,-0.337,0.3527,0.0591,0.7488
738193.798845007,-0.3429,0.353,0.06,0.7559
738193.798847583,-0.3487,0.3551,0.0611,0.7649
738193.798850121,-0.3547,0.3554,0.0624,0.7725
738193.798852704,-0.3606,0.3558,0.0638,0.7802
738193.79885527,-0.3659,0.3561,0.0649,0.7869
738193.798857836,-0.3711,0.3582,0.0657,0.795
738193.798860453,-0.3762,0.3585,0.066,0.8007
738193.798862984,-0.381,0.3589,0.0659,0.8058
738193.798865548,-0.3857,0.361,0.0655,0.8122
738193.798868155,-0.39,0.3617,0.0647,0.8164
738193.798870728,-0.3947,0.3637,0.0639,0.8223
738193.798873266,-0.3999,0.3638,0.063,0.8267
738193.798875845,-0.4045,0.3645,0.0622,0.8312
738193.798878404,-0.4095,0.3665,0.0616,0.8376
738193.798880964,-0.4148,0.3686,0.0611,0.8445
738193.79888354,-0.42,0.369,0.0609,0.8499
738193.798886116,-0.4255,0.3711,0.0608,0.8574
738193.798888693,-0.431,0.3715,0.061,0.8635
738193.798891254,-0.4369,0.3736,0.0614,0.8719
738193.798893833,-0.4425,0.3757,0.062,0.8802
738193.798896389,-0.4484,0.3761,0.0626,0.8871
738193.798898961,-0.454,0.3782,0.0632,0.8954
738193.798901533,-0.4595,0.3803,0.0637,0.9035
738193.798904102,-0.4647,0.3807,0.064,0.9094
738193.798906674,-0.4695,0.3832,0.064,0.9167
738193.79890925,-0.4746,0.3853,0.0638,0.9237
738193.798911828,-0.4801,0.3857,0.0635,0.9293
738193.798914418,-0.4851,0.3879,0.0632,0.9362
738193.798916958,-0.4905,0.39,0.0629,0.9434
738193.798919524,-0.4957,0.3904,0.0626,0.9487
738193.798922092,-0.501,0.3926,0.0623,0.9559
738193.798924692,-0.5061,0.3947,0.062,0.9628
738193.798927303,-0.511,0.3969,0.0613,0.9692
738193.798929816,-0.5155,0.3973,0.0603,0.9731
738193.798932378,-0.5197,0.3995,0.0587,0.9779
738193.798934961,-0.5235,0.4016,0.0564,0.9815
738193.79893752,-0.5266,0.4042,0.0536,0.9844
738193.7989401,-0.5297,0.4063,0.0501,0.9861
738193.798942673,-0.5325,0.4085,0.0459,0.9869
738193.798945262,-0.5349,0.4107,0.041,0.9866
738193.798947805,-0.5372,0.4129,0.0354,0.9855
738193.798950387,-0.5392,0.4151,0.0294,0.9837
738193.798952942,-0.5408,0.4191,0.0231,0.983
738193.798955532,-0.5426,0.4214,0.0164,0.9804
738193.798958089,-0.5442,0.4236,0.0095,0.9773
738193.798960655,-0.5458,0.4258,0.0025,0.9741
738193.798963218,-0.5475,0.4298,-0.0046,0.9819
738193.798965807,-0.5491,0.4321,-0.0118,0.993
738193.798968379,-0.5511,0.4357,-0.019,1.0058
738193.79897095,-0.5523,0.438,-0.0264,1.0167
738193.798973516,-0.5531,0.4424,-0.0343,1.0298
738193.798976089,-0.5541,0.4443,-0.0423,1.0407
738193.798978655,-0.5544,0.4484,-0.0509,1.0537
738193.798981241,-0.5543,0.4524,-0.06,1.0667
738193.798983797,-0.5538,0.4547,-0.0699,1.0784
738193.798986362,-0.5534,0.4585,-0.0804,1.0923
738193.798988924,-0.552,0.4626,-0.0917,1.1063
738193.798991539,-0.5502,0.4667,-0.1037,1.1206
738193.798994081,-0.5479,0.4708,-0.1164,1.1351
738193.798996683,-0.5457,0.4746,-0.1297,1.15
738193.798999227,-0.5428,0.4787,-0.1438,1.1653
738193.799001785,-0.5393,0.4828,-0.1581,1.1802
738193.799004388,-0.5362,0.4866,-0.1731,1.1959
738193.799007013,-0.5323,0.4908,-0.1885,1.2116
738193.799009513,-0.5283,0.4949,-0.2045,1.2277
738193.799012079,-0.5244,0.4988,-0.2206,1.2438
738193.799014634,-0.52,0.5029,-0.2374,1.2603
738193.799017217,-0.5158,0.5068,-0.254,1.2766
738193.799019784,-0.5115,0.5106,-0.2711,1.2932
738193.799022366,-0.5066,0.5148,-0.2882,1.3096
738193.799024935,-0.5022,0.5169,-0.3056,1.3247
738193.799027497,-0.4977,0.5207,-0.3229,1.3413
738193.799030073,-0.4928,0.525,-0.3401,1.3579
738193.799032664,-0.4883,0.527,-0.3573,1.3726
738193.799035205,-0.4839,0.5309,-0.3741,1.3889
738193.799037794,-0.4797,0.5329,-0.3907,1.4033
738193.799040349,-0.4755,0.5368,-0.407,1.4193
738193.799042926,-0.4715,0.5389,-0.4228,1.4332
738193.799045541,-0.4676,0.541,-0.4383,1.4469
738193.799048087,-0.4638,0.543,-0.4533,1.4601
738193.799050695,-0.4597,0.5455,-0.4679,1.4731
738193.79905323,-0.4566,0.5453,-0.4818,1.4837
738193.799055845,-0.4533,0.5474,-0.4955,1.4962
738193.799058395,-0.4498,0.5499,-0.5088,1.5085
738193.799060937,-0.4472,0.5497,-0.5214,1.5183
738193.799063521,-0.4445,0.55,-0.5337,1.5282
738193.799066122,-0.442,0.5521,-0.5454,1.5395
738193.799068657,-0.4399,0.5523,-0.5566,1.5488
738193.799071266,-0.438,0.5525,-0.5671,1.5576
738193.799073818,-0.437,0.5524,-0.577,1.5664
738193.799076441,-0.4358,0.5526,-0.5861,1.5745
738193.799078953,-0.4354,0.5525,-0.5945,1.5824
738193.799081556,-0.4352,0.5527,-0.6024,1.5903
738193.799084075,-0.4351,0.553,-0.6093,1.5974
738193.799086641,-0.436,0.5528,-0.6154,1.6042
738193.799089208,-0.4367,0.5512,-0.6203,1.6082
738193.799091778,-0.4378,0.5514,-0.6234,1.6126
738193.799094347,-0.4396,0.5513,-0.6242,1.6151
738193.799096915,-0.4411,0.5496,-0.6225,1.6132
738193.799099483,-0.4426,0.5499,-0.6186,1.6111
738193.79910207,-0.4442,0.5482,-0.6127,1.6051
738193.799104631,-0.4465,0.5481,-0.6052,1.5998
738193.799107203,-0.4483,0.5483,-0.5962,1.5928
738193.79910977,-0.4499,0.5467,-0.5861,1.5827
738193.799112326,-0.4516,0.5469,-0.5751,1.5736
738193.799114908,-0.4532,0.5452,-0.5634,1.5618
738193.799117479,-0.4548,0.5455,-0.5513,1.5516
738193.799120058,-0.4565,0.5434,-0.5391,1.539
738193.799122623,-0.4578,0.5437,-0.5267,1.5282
738193.799125199,-0.4589,0.542,-0.5142,1.5151
738193.799127784,-0.46,0.5422,-0.5014,1.5036
738193.799130335,-0.4605,0.5405,-0.4888,1.4898
738193.799132904,-0.4611,0.5408,-0.4753,1.4772
738193.799135478,-0.4615,0.541,-0.4613,1.4638
738193.799138037,-0.4614,0.5393,-0.4471,1.4478
738193.799140621,-0.4606,0.5399,-0.4326,1.4331
738193.799143184,-0.4599,0.5401,-0.4183,1.4183
738193.799145757,-0.4591,0.5404,-0.4041,1.4036
738193.799148325,-0.4576,0.5406,-0.3909,1.3891
738193.799150898,-0.4558,0.5389,-0.378,1.3727
738193.799153467,-0.4533,0.5395,-0.3658,1.3586
738193.799156058,-0.4508,0.5397,-0.3543,1.3448
738193.79915862,-0.4478,0.54,-0.3439,1.3317
738193.799161209,-0.4439,0.5425,-0.3342,1.3206
738193.799163751,-0.4401,0.5428,-0.3252,1.3081
738193.799166324,-0.4358,0.543,-0.3172,1.296
738193.799168893,-0.4306,0.5456,-0.3099,1.2861
738193.799171458,-0.4256,0.5458,-0.3035,1.2749
738193.799174073,-0.42,0.5484,-0.2975,1.2659
738193.799176605,-0.4149,0.5486,-0.292,1.2555
738193.799179168,-0.4093,0.5512,-0.2867,1.2472
738193.799181743,-0.4043,0.5534,-0.2816,1.2393
738193.799184325,-0.3987,0.5541,-0.2765,1.2293
738193.799186895,-0.3937,0.5563,-0.2714,1.2214
738193.799189463,-0.3888,0.5585,-0.2664,1.2137
738193.799192035,-0.3834,0.5611,-0.2612,1.2057
738193.799194597,-0.3785,0.5614,-0.256,1.1959
738193.799197166,-0.3732,0.564,-0.2507,1.1879
738193.799199755,-0.3685,0.5662,-0.2454,1.1801
738193.799202327,-0.3633,0.5688,-0.2401,1.1722
738193.799204894,-0.3581,0.5695,-0.2346,1.1622
738193.799207456,-0.3535,0.5717,-0.2292,1.1544
738193.799210043,-0.3485,0.5724,-0.2236,1.1445
738193.79921262,-0.3439,0.5747,-0.2181,1.1367
738193.799215162,-0.3388,0.5753,-0.2125,1.1266
738193.799217772,-0.3343,0.5756,-0.2068,1.1167
738193.799220301,-0.3293,0.5763,-0.201,1.1066
738193.799222873,-0.3248,0.5766,-0.1953,1.0967
738193.799225469,-0.3196,0.5773,-0.1896,1.0865
738193.799228062,-0.3142,0.5779,-0.184,1.0761
738193.799230607,-0.3092,0.5782,-0.1785,1.0659
738193.799233194,-0.3034,0.5769,-0.1734,1.0537
738193.799235734,-0.2981,0.5772,-0.1684,1.0437
738193.799238324,-0.2921,0.5759,-0.1635,1.0315
738193.799240871,-0.2867,0.5762,-0.1589,1.0218
738193.799243456,-0.2805,0.5748,-0.1544,1.0097
738193.799246033,-0.2745,0.5755,-0.15,1
738193.799248617,-0.2686,0.5738,-0.146,0.9884
738193.799251179,-0.2622,0.5745,-0.142,0.9787
738193.799253737,-0.2562,0.5727,-0.1384,0.9673
738193.799256312,-0.2494,0.5734,-0.135,0.9578
738193.799258886,-0.2422,0.5721,-0.132,0.9463
738193.799261443,-0.2356,0.5724,-0.1293,0.9373
738193.799264013,-0.2282,0.5731,-0.127,0.9283
738193.799266577,-0.2211,0.5713,-0.1249,0.9173
738193.799269181,-0.2134,0.572,-0.1231,0.9085
738193.799271719,-0.2055,0.5707,-0.1216,0.8978
738193.79927433,-0.1977,0.5713,-0.1202,0.8892
738193.799276859,-0.1904,0.5716,-0.1188,0.8808
738193.799279438,-0.1825,0.5703,-0.1176,0.8704
738193.799282011,-0.1754,0.5706,-0.1163,0.8623
738193.799284595,-0.1677,0.5692,-0.115,0.8519
738193.799287144,-0.1603,0.5699,-0.1134,0.8436
738193.799289713,-0.1536,0.5702,-0.1117,0.8355
738193.799292312,-0.1466,0.5688,-0.1095,0.8249
738193.799294861,-0.1396,0.5675,-0.1071,0.8142
738193.79929745,-0.1335,0.5677,-0.1043,0.8055
738193.799300013,-0.1269,0.5664,-0.1011,0.7944
738193.799302572,-0.1206,0.565,-0.0976,0.7832
738193.799305152,-0.1152,0.5653,-0.0936,0.7741
738193.79930772,-0.1092,0.5639,-0.0892,0.7623
738193.799310283,-0.1041,0.5621,-0.0844,0.7506
738193.799312883,-0.0986,0.5608,-0.0792,0.7386
738193.799315424,-0.0932,0.5594,-0.0737,0.7263
738193.799317999,-0.088,0.558,-0.0679,0.7139
738193.799320564,-0.0836,0.5562,-0.0619,0.7017
738193.799323135,-0.0787,0.5548,-0.0556,0.6891
738193.799325715,-0.0737,0.5534,-0.0493,0.6764
738193.799328275,-0.0686,0.552,-0.0431,0.6637
738193.799330859,-0.064,0.5502,-0.0369,0.6511
738193.799333427,-0.0588,0.5488,-0.0309,0.6385
738193.799335992,-0.0534,0.5474,-0.0251,0.6259
738193.799338618,-0.0478,0.5459,-0.0195,0.6132
738193.799341145,-0.0427,0.5462,-0.0142,0.6031
738193.799343699,-0.037,0.5448,-0.0091,0.5909
738193.799346271,-0.0311,0.5434,-0.0043,0.5788
738193.799348843,-0.0254,0.5419,0.0006,0.5679
738193.799351416,-0.0194,0.5426,0.0052,0.5672
738193.799353989,-0.0135,0.5412,0.0097,0.5644
738193.799356555,-0.0081,0.5415,0.0142,0.5638
738193.799359156,-0.0021,0.54,0.0186,0.5607
738193.799361694,0.004,0.5407,0.0228,0.5675
738193.799364281,0.0103,0.5393,0.0269,0.5765
738193.799366845,0.0166,0.54,0.0309,0.5875
738193.799369412,0.0229,0.5406,0.0348,0.5983
738193.799371984,0.0293,0.5413,0.0386,0.6092
738193.799374543,0.0357,0.542,0.0422,0.6199
738193.799377135,0.0423,0.5427,0.0458,0.6308
738193.799379694,0.0489,0.5434,0.0492,0.6415
738193.799382263,0.0556,0.5441,0.0525,0.6522
738193.799384829,0.0623,0.5448,0.0558,0.6629
738193.799387402,0.0691,0.5455,0.0589,0.6735
738193.799390005,0.076,0.5462,0.062,0.6842
738193.799392562,0.083,0.549,0.0649,0.6969
738193.799395145,0.0901,0.5498,0.0677,0.7076
738193.799397695,0.0973,0.5505,0.0704,0.7182
738193.799400269,0.1045,0.5533,0.073,0.7308
738193.799402843,0.1119,0.554,0.0754,0.7413
738193.799405411,0.1193,0.5569,0.0778,0.754
738193.799407974,0.1269,0.5577,0.0801,0.7647
738193.799410536,0.135,0.561,0.0823,0.7783
738193.799413116,0.1425,0.5617,0.0844,0.7886
738193.799415695,0.1498,0.5646,0.0864,0.8008
738193.799418256,0.1572,0.5653,0.0885,0.811
738193.799420812,0.1643,0.5683,0.0906,0.8232
738193.799423391,0.1713,0.569,0.0927,0.833
738193.799425954,0.1781,0.5719,0.095,0.845
738193.799428532,0.1848,0.5727,0.0975,0.855
738193.799431105,0.1913,0.5734,0.1002,0.8649
738193.799433718,0.1977,0.5742,0.1032,0.8751
738193.799436253,0.2039,0.5728,0.1064,0.8831
738193.799438831,0.2106,0.5739,0.1099,0.8944
738193.799441386,0.2165,0.5725,0.1137,0.9027
738193.799443961,0.2222,0.571,0.1178,0.911
738193.799446553,0.2282,0.5718,0.122,0.922
738193.799449133,0.234,0.5703,0.1265,0.9308
738193.799451666,0.24,0.5667,0.1311,0.9378
738193.799454241,0.2461,0.5652,0.1358,0.9471
738193.799456812,0.2522,0.5637,0.1406,0.9565
738193.799459405,0.2585,0.5623,0.1453,0.9661
738193.799461967,0.2649,0.5586,0.15,0.9735
738193.799464538,0.2716,0.5571,0.1544,0.9831
738193.799467099,0.2787,0.5556,0.1584,0.9927
738193.799469688,0.2868,0.5523,0.1619,1.001
738193.799472266,0.294,0.5504,0.1647,1.0091
738193.799474837,0.3024,0.5489,0.1669,1.0182
738193.799477385,0.3109,0.5474,0.1686,1.0269
738193.799479968,0.3195,0.5459,0.1699,1.0353
738193.799482514,0.3282,0.5421,0.171,1.0413
738193.799485113,0.3373,0.541,0.172,1.0503
738193.799487661,0.3453,0.5395,0.1729,1.0577
738193.799490237,0.353,0.5402,0.174,1.0672
738193.799492841,0.3601,0.5387,0.1754,1.0742
738193.799495384,0.3669,0.5372,0.177,1.0811
738193.799497946,0.373,0.5357,0.1791,1.0878
738193.799500524,0.3783,0.5364,0.1814,1.0961
738193.799503083,0.3837,0.5353,0.1837,1.1027
738193.799505654,0.3877,0.5338,0.1855,1.107
738193.799508232,0.3906,0.5345,0.187,1.1121
738193.799510804,0.3926,0.5352,0.1882,1.116
738193.799513368,0.3935,0.5337,0.1896,1.1168
738193.799515939,0.3934,0.5344,0.1917,1.1195
738193.799518515,0.3932,0.5356,0.1946,1.1234
738193.799521087,0.3914,0.5364,0.1984,1.1262
738193.799523676,0.3892,0.5348,0.2031,1.1271
738193.799526233,0.3865,0.5355,0.2085,1.1305
738193.79952879,0.3835,0.5367,0.2148,1.135
738193.799531377,0.3802,0.5375,0.2215,1.1392
738193.799533938,0.3766,0.5382,0.2288,1.1436
738193.799536535,0.3731,0.539,0.2363,1.1484
738193.79953908,0.3704,0.5402,0.2439,1.1545
738193.799541652,0.367,0.541,0.2515,1.1595
738193.799544225,0.3639,0.5422,0.2593,1.1654
738193.799546799,0.3605,0.5429,0.2668,1.1702
738193.799549363,0.3567,0.5437,0.2745,1.1749
738193.799551949,0.3534,0.5449,0.2822,1.1805
738193.799554515,0.3493,0.5457,0.2899,1.1849
738193.799557083,0.3451,0.5465,0.2977,1.1893
738193.799559642,0.3413,0.5454,0.3056,1.1923
738193.799562216,0.3365,0.5462,0.3137,1.1964
738193.799564785,0.3323,0.5474,0.3219,1.2016
738193.799567367,0.327,0.5482,0.3302,1.2054
738193.799569953,0.3226,0.5471,0.3386,1.2083
738193.799572511,0.3171,0.5478,0.3471,1.212
738193.799575077,0.3121,0.5491,0.3558,1.217
738193.799577662,0.3064,0.5475,0.3646,1.2185
738193.79958021,0.3014,0.5488,0.3734,1.2236
738193.799582783,0.2957,0.5496,0.3821,1.2274
738193.799585361,0.2908,0.5484,0.3904,1.2296
738193.799587928,0.2852,0.5492,0.3976,1.232
738193.799590513,0.2804,0.5505,0.4033,1.2342
738193.799593067,0.2749,0.5489,0.4076,1.2314
738193.799595637,0.2696,0.5502,0.4107,1.2305
738193.799598209,0.2632,0.551,0.413,1.2272
738193.799600787,0.257,0.5523,0.4148,1.2241
738193.799603362,0.2497,0.5507,0.4163,1.2167
738193.79960592,0.2425,0.5519,0.4176,1.212
738193.799608497,0.2352,0.5532,0.4188,1.2072
738193.799611083,0.2269,0.554,0.4199,1.2008
738193.799613649,0.2192,0.5553,0.421,1.1955
738193.799616218,0.2108,0.5561,0.422,1.1889
738193.799618791,0.2035,0.5574,0.4231,1.184
738193.799621345,0.1954,0.5582,0.4241,1.1777
738193.799623927,0.1885,0.5595,0.4249,1.1729
738193.799626512,0.1814,0.5604,0.4255,1.1673
738193.799629079,0.1756,0.5617,0.4257,1.163
738193.79963164,0.1702,0.563,0.4254,1.1586
738193.799634218,0.1646,0.5638,0.4244,1.1528
738193.799636773,0.1602,0.5676,0.4229,1.1507
738193.799639345,0.1556,0.5689,0.4209,1.1454
738193.799641912,0.1508,0.5698,0.4186,1.1392
738193.799644483,0.1457,0.5706,0.416,1.1323
738193.799647055,0.141,0.5744,0.4132,1.1286
738193.799649654,0.1364,0.5753,0.4104,1.1221
738193.799652201,0.1323,0.5766,0.4074,1.1163
738193.799654774,0.1276,0.5775,0.4044,1.1095
738193.799657373,0.1238,0.5789,0.4012,1.1039
738193.79965991,0.1195,0.5797,0.398,1.0972
738193.799662493,0.1154,0.5811,0.3945,1.091
738193.799665057,0.1118,0.582,0.3911,1.0849
738193.799667625,0.1085,0.5834,0.3875,1.0794
738193.799670196,0.1043,0.5842,0.3837,1.0722
738193.799672759,0.1016,0.5856,0.3799,1.0671
738193.799675338,0.0981,0.584,0.376,1.0581
738193.799677891,0.0943,0.5849,0.372,1.0512
738193.799680496,0.0916,0.5863,0.3679,1.0458
738193.799683067,0.088,0.5847,0.3637,1.0364
738193.79968562,0.0845,0.5856,0.3595,1.0296
738193.799688192,0.0818,0.5845,0.3552,1.0215
738193.79969076,0.0784,0.5854,0.3509,1.0147
738193.799693333,0.075,0.5837,0.3466,1.0053
738193.799695907,0.0724,0.5851,0.3423,0.9998
738193.799698475,0.0685,0.5835,0.338,0.99
738193.799701078,0.0642,0.5819,0.3338,0.9799
738193.799703618,0.06,0.5833,0.3299,0.9732
738193.799706184,0.0544,0.5816,0.3264,0.9624
738193.799708751,0.0484,0.58,0.3233,0.9517
738193.799711358,0.0418,0.5783,0.3208,0.9409
738193.799713894,0.0352,0.5798,0.3189,0.9339
738193.799716473,0.0274,0.5781,0.3177,0.9232
738193.799719049,0.019,0.5764,0.317,0.9124
738193.799721619,0.0107,0.5727,0.317,0.9004
738193.799724184,0.0011,0.5705,0.3176,0.8892
738193.79972676,-0.0077,0.5694,0.3187,0.8958
738193.799729326,-0.0176,0.5677,0.3203,0.9056
738193.799731896,-0.0277,0.5634,0.3224,0.9135
738193.799734461,-0.0381,0.5617,0.3248,0.9246
738193.799737039,-0.0487,0.56,0.3276,0.9363
738193.79973961,-0.0584,0.5563,0.3306,0.9453
738193.799742189,-0.0687,0.5546,0.3338,0.9571
738193.799744746,-0.0785,0.5502,0.3369,0.9656
738193.79974734,-0.0877,0.5485,0.3397,0.9759
738193.799749909,-0.0959,0.5447,0.3423,0.9829
738193.799752489,-0.1038,0.5403,0.3443,0.9884
738193.799755046,-0.111,0.5386,0.3456,0.9952
738193.799757628,-0.1177,0.5342,0.3463,0.9982
738193.79976019,-0.1238,0.5298,0.3461,0.9997
738193.799762778,-0.1293,0.5281,0.3448,1.0022
738193.799765352,-0.1343,0.5236,0.3424,1.0003
738193.799767969,-0.138,0.5197,0.3388,0.9965
738193.799770475,-0.142,0.5153,0.3344,0.9917
738193.799773053,-0.1455,0.5135,0.3291,0.9881
738193.799775664,-0.1487,0.509,0.3231,0.9808
738193.799778203,-0.1508,0.5046,0.3165,0.9719
738193.799780799,-0.1528,0.5027,0.3092,0.9647
738193.799783349,-0.154,0.4982,0.3014,0.9536
738193.799785918,-0.1551,0.4937,0.2927,0.9415
738193.799788517,-0.1551,0.4892,0.2832,0.9275
738193.799791076,-0.1553,0.4874,0.2723,0.915
738193.799793623,-0.1548,0.4828,0.2604,0.898
738193.799796181,-0.1547,0.4782,0.247,0.8799
738193.799798756,-0.1541,0.4764,0.233,0.8635
738193.799801312,-0.1535,0.4718,0.2181,0.8434
738193.799803917,-0.1537,0.4666,0.2027,0.823
738193.799806449,-0.153,0.4647,0.1869,0.8046
738193.799809023,-0.1521,0.4601,0.1712,0.7834
738193.7998116,-0.1513,0.4582,0.1553,0.7648
738193.799814181,-0.1515,0.453,0.1394,0.7439
738193.799816733,-0.151,0.4483,0.1235,0.7228
738193.799819309,-0.1504,0.4464,0.1081,0.7049
738193.799821877,-0.151,0.4439,0.0928,0.6877
738193.79982445,-0.1508,0.4392,0.0777,0.6677
738193.799827027,-0.1508,0.4372,0.0629,0.6509
738193.799829604,-0.1517,0.4347,0.0486,0.635
738193.799832181,-0.152,0.43,0.0345,0.6165
738193.799834752,-0.1534,0.4274,0.021,0.6018
738193.799837306,-0.1548,0.4254,0.0075,0.5877
738193.799839869,-0.157,0.4229,-0.0052,0.5851
738193.799842438,-0.1586,0.4208,-0.0172,0.5966
738193.799845039,-0.1616,0.4183,-0.0286,0.6085
738193.79984759,-0.1652,0.4157,-0.0396,0.6205
738193.79985017,-0.168,0.4136,-0.05,0.6316
738193.799852746,-0.172,0.4111,-0.06,0.6431
738193.799855308,-0.1752,0.409,-0.0696,0.6538
738193.799857889,-0.1793,0.4064,-0.0788,0.6645
738193.799860447,-0.1834,0.4038,-0.0878,0.675
738193.799863014,-0.1869,0.4017,-0.0966,0.6852
738193.799865586,-0.1913,0.3991,-0.1052,0.6956
738193.799868161,-0.196,0.3965,-0.1136,0.7061
738193.799870742,-0.2006,0.3938,-0.1218,0.7162
738193.799873295,-0.2047,0.3945,-0.1297,0.7289
738193.799875865,-0.2097,0.3919,-0.1374,0.739
738193.799878463,-0.2152,0.3892,-0.145,0.7494
738193.799881004,-0.2204,0.3865,-0.1522,0.7591
738193.799883571,-0.2254,0.3872,-0.1593,0.7719
738193.799886147,-0.2312,0.3845,-0.1661,0.7818
738193.799888707,-0.2374,0.3847,-0.1728,0.7949
738193.799891291,-0.2432,0.382,-0.1794,0.8046
738193.799893914,-0.2479,0.3827,-0.1861,0.8167
738193.799896438,-0.2529,0.38,-0.193,0.8259
738193.799899013,-0.2578,0.3801,-0.2002,0.8381
738193.799901598,-0.2623,0.3803,-0.2078,0.8504
738193.799904141,-0.2663,0.3776,-0.2157,0.8596
738193.799906719,-0.2699,0.3777,-0.224,0.8716
738193.79990928,-0.2725,0.3784,-0.2327,0.8836
738193.79991185,-0.2755,0.3785,-0.2417,0.8957
738193.799914423,-0.2783,0.3758,-0.251,0.9051
738193.799917015,-0.2807,0.3759,-0.2606,0.9172
738193.799919573,-0.2828,0.3761,-0.2705,0.9294
738193.799922139,-0.2846,0.3762,-0.2806,0.9414
738193.799924715,-0.2864,0.3735,-0.291,0.9509
738193.799927302,-0.2874,0.3736,-0.3012,0.9622
738193.799929844,-0.2886,0.3737,-0.3119,0.9742
738193.799932428,-0.2895,0.3739,-0.3225,0.9859
738193.799935015,-0.2903,0.374,-0.3334,0.9977
738193.799937567,-0.2909,0.3712,-0.3445,1.0066
738193.799940134,-0.2922,0.3708,-0.3555,1.0185
738193.799942721,-0.2924,0.371,-0.3667,1.0301
738193.799945264,-0.2928,0.3711,-0.378,1.0419
738193.799947845,-0.2928,0.3712,-0.3892,1.0532
738193.799950405,-0.293,0.3714,-0.4004,1.0648
738193.799952993,-0.2929,0.3685,-0.4112,1.0726
738193.799955565,-0.294,0.3681,-0.4212,1.0833
738193.799958148,-0.2938,0.3682,-0.4296,1.0916
738193.799960694,-0.2938,0.3684,-0.4363,1.0985
738193.799963267,-0.2937,0.3715,-0.441,1.1062
738193.799965841,-0.2933,0.3716,-0.4441,1.109
738193.799968408,-0.2936,0.3712,-0.446,1.1108
738193.799970972,-0.2927,0.3713,-0.447,1.111
738193.799973555,-0.2914,0.3715,-0.4475,1.1104
738193.799976127,-0.2901,0.3746,-0.4476,1.1123
738193.799978707,-0.2878,0.3748,-0.4477,1.1103
738193.799981309,-0.2856,0.3779,-0.4477,1.1112
738193.799983869,-0.2831,0.3781,-0.4479,1.1091
738193.79998643,-0.2811,0.3777,-0.4482,1.107
738193.799989054,-0.278,0.3808,-0.4488,1.1076
738193.799991537,-0.2745,0.381,-0.4496,1.1051
738193.799994126,-0.271,0.3842,-0.4506,1.1058
738193.79999669,-0.2669,0.3844,-0.4518,1.1031
738193.799999263,-0.2636,0.3839,-0.453,1.1005
738193.800001831,-0.2591,0.3872,-0.4543,1.1006
738193.80000442,-0.2544,0.3873,-0.4558,1.0975
738193.80000696,-0.2495,0.3875,-0.4574,1.0944
738193.800009548,-0.2451,0.3871,-0.4592,1.0914
738193.800012122,-0.2389,0.3879,-0.4612,1.088
738193.800014689,-0.2339,0.3875,-0.4633,1.0847
738193.800017249,-0.2282,0.3876,-0.4656,1.0814
738193.800019828,-0.2219,0.3878,-0.4681,1.0778
738193.800022398,-0.2167,0.3874,-0.4707,1.0748
738193.800025026,-0.2101,0.3876,-0.4735,1.0712
738193.800027541,-0.2033,0.3877,-0.4764,1.0674
738193.800030138,-0.1974,0.3873,-0.4796,1.0643
738193.800032692,-0.1903,0.3875,-0.4828,1.0606
738193.800035254,-0.183,0.3877,-0.4862,1.0569
738193.800037816,-0.1765,0.3873,-0.4896,1.0534
738193.800040404,-0.1689,0.3874,-0.4932,1.0495
738193.800042964,-0.1612,0.3876,-0.4969,1.0457
738193.800045532,-0.1544,0.3872,-0.5007,1.0423
738193.800048147,-0.1464,0.3874,-0.5046,1.0384
738193.800050672,-0.1383,0.3876,-0.5085,1.0344
738193.80005324,-0.1301,0.3878,-0.5125,1.0304
738193.800055829,-0.1227,0.3873,-0.5165,1.0265
738193.800058389,-0.1144,0.3875,-0.5206,1.0225
738193.800060961,-0.107,0.3871,-0.5246,1.0187
738193.800063547,-0.0987,0.3873,-0.5288,1.0148
738193.800066109,-0.0901,0.3875,-0.5328,1.0104
738193.800068675,-0.0827,0.387,-0.5369,1.0066
738193.800071262,-0.0742,0.3872,-0.541,1.0024
738193.800073815,-0.0669,0.3868,-0.5451,0.9988
738193.800076383,-0.0584,0.387,-0.5491,0.9945
738193.800078948,-0.0499,0.3872,-0.5531,0.9902
738193.80008154,-0.0425,0.3867,-0.5569,0.9861
738193.800084121,-0.0342,0.3869,-0.5607,0.9818
738193.800086661,-0.0268,0.3865,-0.5643,0.9776
738193.800089238,-0.0187,0.3867,-0.5679,0.9733
738193.800091811,-0.0113,0.3862,-0.5713,0.9688
738193.800094386,-0.003,0.3864,-0.5745,0.9639
738193.800096959,0.0041,0.386,-0.5776,0.9677
738193.800099513,0.0123,0.3829,-0.5806,0.9758
738193.800102122,0.0193,0.3825,-0.5835,0.9853
738193.800104658,0.0273,0.3827,-0.5863,0.9963
738193.80010725,0.0343,0.3822,-0.5889,1.0054
738193.800109797,0.0422,0.3791,-0.5915,1.0128
738193.800112386,0.049,0.3787,-0.5939,1.0216
738193.80011495,0.0566,0.3789,-0.5963,1.0318
738193.80011752,0.0635,0.3784,-0.5986,1.0405
738193.800120102,0.0717,0.3753,-0.6009,1.0479
738193.80012268,0.0783,0.3748,-0.6033,1.0564
738193.800125226,0.0864,0.375,-0.6055,1.0669
738193.800127813,0.0932,0.3745,-0.6076,1.0753
738193.800130363,0.0998,0.3707,-0.6097,1.0802
738193.800132944,0.1074,0.3709,-0.6116,1.0899
738193.800135008,0.1121,0.3679,-0.6132,1.0932
738193.800137587,0.1185,0.3674,-0.615,1.1009
738193.800140166,0.1255,0.3676,-0.6168,1.1099
738193.800142732,0.1314,0.3637,-0.6183,1.1134
738193.800145355,0.1382,0.3605,-0.6195,1.1182
738193.800147865,0.1436,0.36,-0.6205,1.1241
738193.800150433,0.1488,0.3562,-0.6212,1.1262
738193.800153037,0.1551,0.3529,-0.6217,1.1297
738193.800155565,0.16,0.349,-0.6219,1.1309
738193.800158169,0.1648,0.3451,-0.6218,1.1317
738193.800160714,0.1705,0.3419,-0.6216,1.134
738193.80016328,0.1748,0.3379,-0.6212,1.1339
738193.800165895,0.1791,0.334,-0.6206,1.1337
738193.800168424,0.1847,0.3273,-0.6198,1.1318
738193.800170993,0.1885,0.3233,-0.6189,1.1307
738193.800173583,0.1926,0.3193,-0.6178,1.1297
738193.800176132,0.1975,0.3159,-0.6166,1.13
738193.800178713,0.2013,0.3085,-0.6153,1.1251
738193.800181287,0.2049,0.3044,-0.6139,1.1232
738193.800183863,0.2093,0.301,-0.6124,1.1227
738193.800186422,0.2129,0.2935,-0.6108,1.1172
738193.80018901,0.2164,0.2894,-0.6091,1.1149
738193.800191572,0.2207,0.286,-0.6073,1.114
738193.800194155,0.2239,0.2818,-0.6055,1.1112
738193.8001967,0.2267,0.2777,-0.6036,1.108
738193.800199282,0.231,0.2742,-0.6016,1.1068
738193.800201852,0.2339,0.2666,-0.5995,1.1
738193.800204427,0.2367,0.2624,-0.5974,1.0965
738193.80020701,0.2405,0.2588,-0.5952,1.0945
738193.800209574,0.2431,0.2546,-0.593,1.0907
738193.800212148,0.2469,0.251,-0.5907,1.0886
738193.800214711,0.2493,0.2503,-0.5883,1.0879
738193.80021727,0.2525,0.2467,-0.5858,1.085
738193.800219844,0.2553,0.2425,-0.5834,1.0812
738193.800222415,0.2576,0.2382,-0.5809,1.0767
738193.800224985,0.261,0.2381,-0.5784,1.0775
738193.800227593,0.264,0.2345,-0.5758,1.0743
738193.800230164,0.2664,0.2301,-0.5733,1.0698
738193.8002327,0.2684,0.2294,-0.5707,1.0685
738193.800235323,0.2716,0.2257,-0.5681,1.0654
738193.800237868,0.2736,0.2249,-0.5656,1.0641
738193.800240415,0.2765,0.2248,-0.5629,1.0642
738193.800242983,0.2783,0.2204,-0.5604,1.0591
738193.800245562,0.2811,0.2203,-0.5577,1.0591
738193.800248112,0.2827,0.2196,-0.5551,1.0574
738193.800250709,0.2856,0.2158,-0.5524,1.0538
738193.800253265,0.2868,0.215,-0.5495,1.0513
738193.800255829,0.2896,0.2113,-0.5466,1.0475
738193.800258406,0.2908,0.2104,-0.5436,1.0448
738193.800260972,0.2935,0.2067,-0.5405,1.0407
738193.80026354,0.2958,0.2065,-0.5373,1.0396
738193.800266117,0.2966,0.202,-0.5339,1.0325
738193.800268689,0.2979,0.2019,-0.5302,1.03
738193.800271261,0.2974,0.1974,-0.5262,1.021
738193.800273825,0.2976,0.1935,-0.5219,1.013
738193.800276406,0.2959,0.1889,-0.5173,1.0021
738193.800278956,0.2948,0.1851,-0.5122,0.9921
738193.800281545,0.2926,0.1842,-0.5069,0.9837
738193.800284105,0.2905,0.1803,-0.5011,0.9719
738193.800286716,0.2879,0.1764,-0.4949,0.9592
738193.800289243,0.2832,0.1717,-0.4883,0.9432
738193.800291821,0.28,0.1678,-0.4813,0.9291
738193.800294407,0.2752,0.1593,-0.4741,0.9086
738193.800296969,0.2719,0.1554,-0.4668,0.8941
738193.800299532,0.2686,0.1513,-0.4595,0.8794
738193.800302134,0.2646,0.1466,-0.4525,0.8637
738193.800304704,0.2622,0.1426,-0.4456,0.8504
738193.800307266,0.2602,0.1385,-0.439,0.8377
738193.800309814,0.2571,0.1299,-0.4328,0.8198
738193.800312405,0.2562,0.1258,-0.427,0.809
738193.800314965,0.2555,0.1217,-0.4216,0.7988
738193.800317549,0.2538,0.1168,-0.4166,0.7872
738193.800320118,0.254,0.1127,-0.412,0.7787
738193.800322702,0.2552,0.1085,-0.4079,0.7716
738193.800325245,0.2565,0.1043,-0.4041,0.7649
738193.800327827,0.2569,0.0994,-0.4007,0.757
738193.80033039,0.2592,0.0951,-0.3977,0.752
738193.800332962,0.2622,0.0909,-0.3951,0.7482
738193.800335522,0.2653,0.0905,-0.3928,0.7486
738193.800338104,0.269,0.0862,-0.3909,0.7461
738193.800340673,0.2721,0.0812,-0.3894,0.7427
738193.800343254,0.2771,0.0808,-0.3883,0.7462
738193.800345843,0.2818,0.0765,-0.3875,0.7458
738193.800348399,0.2863,0.0714,-0.3869,0.7446
738193.800350958,0.2917,0.071,-0.3866,0.7493
738193.800353539,0.2972,0.0666,-0.3863,0.7501
738193.8003561,0.3023,0.0662,-0.386,0.7545
738193.800358709,0.3073,0.0657,-0.3856,0.7586
738193.800361269,0.3117,0.0613,-0.385,0.758
738193.800363841,0.3142,0.0601,-0.3842,0.7585
738193.800366416,0.3176,0.0557,-0.3831,0.7564
738193.800368979,0.3208,0.0552,-0.3821,0.7581
738193.800371556,0.323,0.0508,-0.3815,0.7553
738193.800374129,0.3228,0.0495,-0.3817,0.754
738193.800376686,0.3233,0.0491,-0.3827,0.7551
738193.800379264,0.3229,0.0445,-0.3845,0.7519
738193.800381877,0.321,0.044,-0.3865,0.7515
738193.800384398,0.317,0.0388,-0.3884,0.7442
738193.800386981,0.3132,0.0382,-0.3901,0.7415
738193.800389561,0.3092,0.0337,-0.3915,0.7344
738193.800392137,0.3044,0.0331,-0.3927,0.7302
738193.800394683,0.2978,0.0278,-0.3938,0.7194
738193.80039725,0.2921,0.0272,-0.3949,0.7142
738193.800399837,0.2871,0.0226,-0.396,0.7057
738193.800402368,0.2814,0.022,-0.3971,0.7005
738193.800404994,0.274,0.0166,-0.3981,0.6887
738193.800407515,0.2672,-0.016,-0.3992,0.6824
738193.800410101,0.2606,-0.0155,-0.4002,0.6763
738193.80041266,0.2538,-0.0107,-0.4013,0.6658
738193.800415261,0.2454,-0.0094,-0.4026,0.6574
738193.800417792,0.2385,-0.0088,-0.4042,0.6515
738193.800420371,0.2319,-0.004,-0.4059,0.6418
738193.800422958,0.2231,-0.0027,-0.4077,0.6335
738193.800425512,0.2166,-0.0021,-0.4097,0.6284
738193.800428083,0.2094,-0.0014,-0.4116,0.6224
738193.800430654,0.2013,-0.0034,-0.4136,0.6183
738193.800433221,0.1922,-0.0048,-0.4154,0.6124
738193.800435822,0.1833,-0.0054,-0.4169,0.6056
738193.800438361,0.1731,-0.006,-0.4181,0.5972
738193.800440937,0.1606,-0.0075,-0.4189,0.587
738193.800443501,0.1488,-0.0081,-0.4192,0.5761
738193.800446087,0.1361,-0.0087,-0.419,0.5638
738193.800448655,0.1207,-0.0102,-0.4185,0.5494
738193.800451217,0.1059,-0.0108,-0.4174,0.5341
738193.800453778,0.0899,-0.0115,-0.4158,0.5172
738193.800456361,0.0733,-0.0078,-0.4138,0.4949
738193.800458938,0.054,-0.0093,-0.4113,0.4746
738193.800461513,0.0364,-0.0099,-0.4086,0.4549
738193.800464085,0.0181,-0.0106,-0.4058,0.4345
738193.80046665,0.0011,-0.0112,-0.403,0.4153
738193.800469216,-0.017,-0.0119,-0.4002,0.4291
738193.800471798,-0.0357,-0.0134,-0.3975,0.4466
738193.800474357,-0.0527,-0.014,-0.395,0.4617
738193.800476942,-0.0695,-0.0103,-0.3926,0.4724
738193.800479491,-0.0868,-0.011,-0.3904,0.4882
738193.800482076,-0.1046,-0.0125,-0.3882,0.5053
738193.800484644,-0.1207,-0.0131,-0.3857,0.5195
738193.800487218,-0.1367,-0.0094,-0.3827,0.5288
738193.800489777,-0.1522,-0.01,-0.3792,0.5414
738193.800492349,-0.1674,-0.0063,-0.375,0.5487
738193.800494911,-0.1835,-0.0077,-0.3704,0.5616
738193.800497497,-0.1972,-0.0039,-0.3655,0.5666
738193.800500055,-0.2105,-0.0046,-0.3606,0.5757
738193.800502632,-0.2234,-0.0008,-0.3557,0.5799
738193.800505213,-0.2343,-0.0014,-0.3512,0.5869
738193.800507808,-0.2444,-0.0025,-0.347,0.5939
738193.800510392,-0.2538,-0.0063,-0.3432,0.6033
738193.800512935,-0.2616,-0.0057,-0.3399,0.6072
738193.800515489,-0.2691,-0.0096,-0.3369,0.6156
738193.800518057,-0.2755,-0.0135,-0.3344,0.6234
738193.800520625,-0.2811,-0.0129,-0.3324,0.6264
738193.800523203,-0.2877,-0.016,-0.3308,0.6345
738193.800525779,-0.2914,-0.02,-0.3297,0.6411
738193.800528336,-0.2942,-0.0194,-0.329,0.6426
738193.800530918,-0.2959,-0.0234,-0.3288,0.6481
738193.800533482,-0.2968,-0.0274,-0.3289,0.6531
738193.800536048,-0.2964,-0.0315,-0.3291,0.657
738193.800538649,-0.2951,-0.0356,-0.3296,0.6603
738193.800541199,-0.293,-0.0397,-0.3303,0.663
738193.800543775,-0.2902,-0.0438,-0.3314,0.6654
738193.800546329,-0.2857,-0.0479,-0.3328,0.6664
738193.800548913,-0.2805,0.0521,-0.3346,0.6672
738193.800551469,-0.2748,0.0563,-0.3368,0.6679
738193.80055405,-0.2674,0.0605,-0.3393,0.6672
738193.800556632,-0.2594,0.0647,-0.3424,0.6665
738193.800559205,-0.2523,0.068,-0.3458,0.6661
738193.800561752,-0.2424,0.0723,-0.3497,0.6644
738193.800564335,-0.2316,0.0766,-0.354,0.6622
738193.800566899,-0.22,0.0809,-0.3586,0.6595
738193.800569479,-0.2075,0.0852,-0.3637,0.6564
738193.80057204,-0.1941,0.0896,-0.369,0.6527
738193.800574629,-0.1802,0.094,-0.3747,0.6489
738193.800577186,-0.165,0.0984,-0.3806,0.644
738193.800579789,-0.1513,0.1019,-0.3868,0.64
738193.800582319,-0.1348,0.1064,-0.3933,0.6345
738193.800584908,-0.1179,0.1108,-0.3999,0.6286
738193.800587458,-0.1004,0.1104,-0.4066,0.6174
738193.800590042,-0.0848,0.114,-0.4134,0.6122
738193.800592601,-0.0671,0.1186,-0.4203,0.606
738193.800595228,-0.0492,0.1231,-0.4271,0.5994
738193.80059775,-0.0337,0.1268,-0.4338,0.5943
738193.800600337,-0.0161,0.1264,-0.4405,0.583
738193.800602892,0.0018,0.131,-0.447,0.5798
738193.800605472,0.0172,0.1347,-0.4533,0.6052
738193.800608051,0.0345,0.1394,-0.4594,0.6333
738193.800610599,0.0513,0.1441,-0.4654,0.6608
738193.800613178,0.0656,0.1479,-0.471,0.6845
738193.800615744,0.082,0.1476,-0.4764,0.706
738193.800618328,0.0972,0.1523,-0.4815,0.731
738193.800620914,0.1097,0.1561,-0.4863,0.7521
738193.800623517,0.1238,0.1609,-0.4906,0.7753
738193.800626033,0.1374,0.1658,-0.4947,0.7979
738193.800628606,0.1481,0.1697,-0.4983,0.8161
738193.800631181,0.1601,0.1745,-0.5017,0.8363
738193.800633761,0.1693,0.1836,-0.5046,0.8575
738193.800636312,0.1803,0.1886,-0.5072,0.8761
738193.800638888,0.1903,0.1936,-0.5095,0.8934
738193.800641455,0.1973,0.1976,-0.5114,0.9063
738193.800644018,0.2062,0.2026,-0.5131,0.9219
738193.800646594,0.2129,0.2067,-0.5145,0.9341
738193.800649163,0.2214,0.217,-0.5158,0.9542
738193.800651742,0.2285,0.2211,-0.5169,0.9665
738193.800654304,0.2375,0.2263,-0.518,0.9818
738193.800656876,0.2469,0.2315,-0.519,0.9974
738193.800659461,0.2537,0.2357,-0.52,1.0094
738193.800662052,0.2632,0.2462,-0.5209,1.0303
738193.800664595,0.2693,0.2505,-0.5218,1.0416
738193.800667193,0.2787,0.2558,-0.5227,1.0572
738193.800669731,0.2877,0.2612,-0.5236,1.0725
738193.800672309,0.2945,0.2656,-0.5244,1.0845
738193.800674886,0.3039,0.271,-0.5252,1.1001
738193.800677457,0.3108,0.2754,-0.5259,1.1121
738193.800680035,0.3201,0.2754,-0.5266,1.1221
738193.80068259,0.328,0.2799,-0.5272,1.1351
738193.800685158,0.3378,0.2854,-0.5278,1.151
738193.800687729,0.3453,0.2899,-0.5284,1.1636
738193.800690306,0.3558,0.2955,-0.5291,1.1804
738193.800692881,0.364,0.2946,-0.5297,1.1883
738193.800695448,0.3744,0.3002,-0.5304,1.205
738193.800698017,0.383,0.2993,-0.5311,1.2134
738193.80070061,0.3939,0.305,-0.5319,1.2308
738193.800703207,0.4031,0.3096,-0.5328,1.2455
738193.800705733,0.4157,0.3098,-0.5339,1.2594
738193.800708321,0.4259,0.3089,-0.5351,1.2699
738193.800710871,0.439,0.3146,-0.5365,1.2901
738193.800713458,0.4526,0.3148,-0.538,1.3054
738193.800716008,0.4646,0.3139,-0.5395,1.318
738193.800718619,0.4763,0.313,-0.5409,1.3302
738193.800721158,0.4894,0.3132,-0.5423,1.3449
738193.800723736,0.5014,0.3123,-0.5435,1.3572
738193.800726294,0.5149,0.3125,-0.5446,1.372
738193.800728881,0.5253,0.3116,-0.5455,1.3824
738193.800731446,0.5352,0.3107,-0.5463,1.3922
738193.800734018,0.5483,0.3109,-0.547,1.4062
738193.800736604,0.5574,0.3099,-0.5475,1.4148
738193.800739161,0.57,0.3043,-0.5479,1.4222
738193.800741723,0.5789,0.3034,-0.5481,1.4304
738193.800744332,0.5885,0.3024,-0.5483,1.4392
738193.800746875,0.6005,0.2967,-0.5484,1.4456
738193.800749434,0.6089,0.2957,-0.5482,1.4528
738193.800752013,0.6182,0.29,-0.5479,1.4561
738193.800754572,0.624,0.2831,-0.5472,1.4543
738193.800757141,0.6266,0.282,-0.5461,1.4547
738193.800759713,0.6285,0.275,-0.5446,1.4481
738193.800762297,0.6321,0.2692,-0.5428,1.4441
738193.800764869,0.6318,0.2621,-0.5406,1.4345
738193.800767423,0.6326,0.2561,-0.5381,1.4268
738193.800770004,0.6293,0.2489,-0.5352,1.4134
738193.800772568,0.6246,0.2417,-0.5319,1.3982
738193.800775148,0.6221,0.2356,-0.5284,1.3861
738193.800777785,0.6154,0.2284,-0.5246,1.3684
738193.8007803,0.6098,0.221,-0.5208,1.3516
738193.800782851,0.6061,0.2148,-0.5168,1.3377
738193.800785442,0.6005,0.2073,-0.5129,1.3207
738193.800788,0.5984,0.1949,-0.509,1.3023
738193.800790592,0.5926,0.1873,-0.5052,1.2851
738193.800793167,0.5873,0.1797,-0.5015,1.2685
738193.80079572,0.5858,0.167,-0.4979,1.2507
738193.800798277,0.5822,0.1593,-0.4946,1.2361
738193.800800854,0.5827,0.1527,-0.4914,1.2268
